{
  "100000": {
    "median": 0.002468789171477655,
    "p90": 0.013305319174190281,
    "p10": 0.0,
    "sample": [
      0.00019781472509816843,
      0.0005231326332650479,
      0.0,
      0.0,
      0.0,
      0.00116698158771925,
      0.0,
      0.007567396930463117,
      0.004833934256057883,
      0.0,
      0.010903459379106563,
      0.006591363373238548,
      0.0,
      0.00545601712616031,
      0.017243235863212046,
      0.00703733284887475,
      0.009588742021529938,
      0.0,
      0.001337204630775881,
      0.0,
      0.004694348009675046,
      0.0,
      0.027358617945835648,
      0.0,
      0.003628178176040439,
      0.0,
      0.004094706418229841,
      0.002417796837301548,
      0.0016508906748198982,
      0.0,
      0.002137795052363765,
      0.0005551699764771856,
      0.0034586960643261722,
      0.0,
      0.004930610159919434,
      0.010635116251441507,
      0.0,
      0.0,
      0.0015093467709325274,
      0.0,
      0.0,
      0.0,
      0.0,
      0.0,
      0.01648772426572781,
      0.004902981173221455,
      0.0,
      0.011163862268357626,
      0.012369682363912051,
      0.0,
      0.02660780370766873,
      0.006781380109498751,
      0.018385980301054924,
      0.009016620452628629,
      0.0,
      0.0041176333186283675,
      0.005044583383089232,
      0.0,
      0.009783412075915578,
      0.002468789171477655,
      0.019471086946516437,
      0.005399607931863644,
      0.0,
      0.004731908797849072,
      0.012897256588648981,
      0.0,
      0.008833578040434133,
      0.016390412147587193,
      0.010302467700329493,
      0.0,
      0.0038579080224341723,
      0.020411450425188046,
      0.005766625415267111,
      0.00799505551276658,
      0.0,
      0.009940371402529645,
      0.010170595517191471,
      0.0,
      0.0,
      0.011197170023826895,
      0.0,
      0.0,
      0.012330149322624861,
      0.0,
      0.004448373280732369,
      0.008897578661272781,
      0.0,
      0.022568443618156256,
      0.008385706429504102,
      0.012730476844786292,
      0.0,
      0.013374550943875008,
      0.0,
      0.0,
      0.001440192111056954,
      0.0028033299482867835,
      0.0,
      0.003470833061148622,
      0.0003348263105325815,
      0.0,
      0.007385600182588728,
      0.004624981368945289,
      5.58116101773454e-05,
      0.0,
      0.01552375559083076,
      0.0,
      0.005715314960678198,
      0.0,
      0.0,
      0.0111412901991233,
      0.00046665472928075096,
      0.0,
      0.013259164661067128,
      0.0,
      0.0071949928084959576,
      0.003246349855268148,
      0.013422614993793698
    ],
    "low_data": false
  },
  "250000": {
    "median": 0.004196698179696546,
    "p90": 0.015391669271394539,
    "p10": 0.0,
    "sample": [
      0.00045123691837830763,
      0.0011933224749598541,
      0.0,
      0.0,
      0.0,
      0.0016729080649539058,
      0.0,
      0.00782957711638835,
      0.00514582963566743,
      0.0,
      0.011365756818770752,
      0.007055922062179643,
      0.0,
      0.006377945514544361,
      0.017872547836933865,
      0.00772715270662458,
      0.009848800630028945,
      0.0,
      0.002658508455340268,
      0.0,
      0.006385435442463561,
      0.0,
      0.02806298518929352,
      0.0,
      0.004419839860689164,
      0.0,
      0.005591838273197083,
      0.005417698762778576,
      0.0034754412445349853,
      0.0,
      0.0034408872339926648,
      0.002213557464695318,
      0.004631293222423951,
      0.0,
      0.006568430948339729,
      0.012066615307872985,
      0.0015935470051729466,
      0.0007489514212645593,
      0.002328923749259738,
      0.0,
      0.0,
      0.0,
      0.0,
      0.0,
      0.01828009157379488,
      0.005763249767098732,
      0.0,
      0.013435903715152651,
      0.013622803648129891,
      0.0009281441973748495,
      0.02832228962348161,
      0.008361271661685259,
      0.020142182388078345,
      0.010241356630898634,
      0.0,
      0.0054878755485570085,
      0.00843138793837192,
      0.0,
      0.012139084029316991,
      0.0037070102378568884,
      0.021290158115649913,
      0.006074945303471165,
      0.0,
      0.006043854599398779,
      0.0151000861417869,
      0.0,
      0.010464581913001285,
      0.01847249204186372,
      0.010676424600546427,
      0.0,
      0.007191925501209996,
      0.02327958727770675,
      0.0058670079032257195,
      0.008538691311986812,
      0.0,
      0.010949080862092583,
      0.011175404115545165,
      0.0,
      0.0,
      0.013426397775884422,
      0.0,
      0.0004794036215502173,
      0.014749228943920053,
      0.004028996854914024,
      0.005699848467890005,
      0.011086144441330407,
      0.0,
      0.025320281060223222,
      0.009576538649006056,
      0.013526928165545625,
      0.0018709876724778843,
      0.015279223433346378,
      0.0,
      0.0,
      0.002917364794758786,
      0.004196698179696546,
      0.0,
      0.004699625505991196,
      0.0011200836052958887,
      0.0,
      0.008271502466771089,
      0.006542023413461983,
      0.0008642960728514935,
      0.0,
      0.01596242199291586,
      0.0,
      0.007723551328937482,
      0.0,
      0.0,
      0.013871013636483001,
      0.0023939672998545504,
      0.0,
      0.015560338028466777,
      0.0009305100514341688,
      0.009115507412169327,
      0.004931952763427735,
      0.016314627902518523
    ],
    "low_data": false
  },
  "500000": {
    "median": 0.006021807175852455,
    "p90": 0.018486629754616058,
    "p10": 0.0,