{
  "100000": {
    "median": 0.0011531648489820898,
    "p90": 0.01566011961464855,
    "p10": 0.0,
    "sample": [
      0.00019781472509816843,
      0.0005231326332650479,
      0.0,
      0.002239299363851424,
      0.0,
      0.05070359542242508,
      0.018781762483599296,
      0.002304807523975536,
      0.0,
      0.0004702179288869233,
      0.0,
      0.0012380569005347808,
      0.0,
      0.0,
      0.02199065385381181,
      0.0,
      0.015578108832843378,
      0.0018003703500566403,
      0.010994358932862871,
      0.0,
      0.0,
      0.0,
      0.002479520212246097,
      0.0016606136699205585,
      0.003659056345492596,
      0.007434310343308427,
      0.0,
      0.00794471444988222,
      0.0,
      0.0049273257605611,
      0.0,
      0.0,
      0.004242639495255853,
      0.0014644934759281561,
      0.004144488850297575,
      0.0010734635691383194,
      0.008338489903338582,
      0.0002709877907009538,
      0.0,
      0.0,
      0.008301301038169787,
      0.0,
      0.0,
      0.012461042039700814,
      0.0,
      0.0030285540453343107,
      0.0018530789061319709,
      0.0,
      0.0,
      0.0,
      0.015866919142148123,
      0.0,
      0.0,
      0.008972331703039163,
      0.0,
      0.001656915878726912,
      0.02203658489164289,
      0.014295899252973124,
      0.0,
      0.005329243090564199,
      0.0033305509849786454,
      0.015523858961729562,
      0.005777366417342656,
      0.003191399428381388,
      0.0,
      0.0012954735147184073,
      4.996086726757583e-05,
      0.01634798835419208,
      0.00752638087870085,
      0.0,
      0.0,
      0.0,
      0.0012427361926492147,
      0.018809754951840146,
      0.007828896652811012,
      0.0,
      0.0,
      0.0,
      0.0012128006142999748,
      0.0,
      6.332354337194477e-05,
      0.01043120527329315,
      0.0,
      0.00625929591250249,
      0.0,
      0.003781971330133082,
      0.0,
      0.0,
      0.023867056988163493,
      0.01706294441076864,
      0.027753870713479487,
      0.0,
      0.0,
      0.0,
      0.015335246884893093,
      0.0001510159538137874,
      0.0,
      0.006807643960858208,
      0.013158807927576755,
      0.0,
      0.0011531648489820898,
      0.02921895840969408,
      0.0,
      0.0,
      0.007953329844796065,
      0.010747095385409192,
      0.0,
      0.0,
      0.01578313578735631,
      0.00367863882521922,
      0.0024446556793199853,
      0.00046589215898245337,
      0.0019205326012057453,
      0.0,
      0.008144357393922202,
      0.009303061395028657,
      0.0
    ],
    "low_data": false
  },
  "250000": {
    "median": 0.0023380441799721774,
    "p90": 0.016794584039979733,
    "p10": 0.0,
    "sample": [
      0.00045123691837830763,
      0.0011933224749598541,
      0.0,
      0.0027491101267177417,
      0.0,
      0.051209521899659736,
      0.01917698396385536,
      0.002566987709900768,
      0.0,
      0.0009328457112696761,
      0.0,
      0.0017026155894758748,
      0.0,
      0.0,
      0.022619965827533627,
      0.0,
      0.015838167441342386,
      0.0025799533782426207,
      0.012315662757427258,
      0.0,
      0.0,
      0.0,
      0.0031838874557039674,
      0.0024744862032210838,
      0.004450718030141321,
      0.008136784385108464,
      0.0,
      0.010944616375359248,
      0.0011267445379651345,
      0.00602093378884279,
      0.0,
      0.0,
      0.005415236653353632,
      0.0025352878209862297,
      0.00578230963871787,
      0.0025049626255697977,
      0.010479836425703323,
      0.0015983846509455397,
      0.0,
      0.0,
      0.009167967796337079,
      0.0,
      0.0,
      0.013611959714048926,
      0.0,
      0.0038888226392115874,
      0.003586164353945247,
      0.0,
      0.0,
      0.0,
      0.017581405057961005,
      0.0,
      0.0,
      0.010197067881309169,
      0.0,
      0.003027158108655553,
      0.025423389446925578,
      0.016723125234211128,
      0.0,
      0.0065674641569434325,
      0.005149622154112122,
      0.016199196333337083,
      0.006317455088086076,
      0.004503345229931094,
      0.0016660959849392992,
      0.0024981078838262867,
      0.0016809647398347268,
      0.018430068248468608,
      0.007900337778917783,
      0.0,
      0.0,
      0.0007203456357684898,
      0.0013431186806078235,
      0.019353390751060375,
      0.008154235853332928,
      0.0,
      0.0,
      0.0,
      0.0033878889259656283,
      0.0,
      0.0026556922163701855,
      0.013123399449689287,
      0.0,
      0.01171350262977287,
      0.0,
      0.005970537110190709,
      0.0,
      0.0,
      0.025057889207665447,
      0.017859395731527974,
      0.030252704301355494,
      0.0018077430759875152,
      0.0,
      0.0,
      0.016812419568594927,
      0.0015443841852235498,
      0.0,
      0.008036436405700781,
      0.013944065222340062,
      0.0,
      0.002039067133164451,
      0.031136000454210777,
      0.0,
      0.0,
      0.008391996246881165,
      0.011983185506905206,
      0.0005633206889348341,
      0.0,
      0.016782693687569603,
      0.006408362262578923,
      0.004371968249893784,
      0.0023380441799721774,
      0.004221705968605395,
      0.0,
      0.01006487199759557,
      0.010988664303188244,
      0.0
    ],
    "low_data": false
  },
  "500000": {
    "median": 0.004186553784987431,
    "p90": 0.01936879669421829,
    "p10": 0.0,