{
  "100000": {
    "median": 0.0005231326332650479,
    "p90": 0.010521525025102738,
    "p10": 0.0,
    "sample": [
      0.00019781472509816843,
      0.0005231326332650479,
      0.011831867818486004,
      0.0,
      0.0,
      0.0,
      0.0,
      0.022554354868016855,
      0.010296939726924477,
      0.0,
      0.009897815990888577,
      0.0,
      0.0,
      0.0,
      0.0,
      0.0,
      0.0,
      0.007272066208711944,
      0.0,
      0.010060316387305791,
      0.014319758586171766,
      0.0,
      0.0,
      0.0,
      0.008773335644462529,
      0.0,
      0.005099211028405268,
      0.00918409719556542,
      0.0,
      0.0036849427446446637,
      0.0,
      0.00415426935544334,
      0.0,
      0.0,
      0.01141986621781577,
      0.0030679615590479166,
      0.0,
      0.0017634494322391755,
      0.003052567981722914,
      0.012597729621711332,
      0.0003558474555489038,
      0.0,
      0.0,
      0.0,
      0.0,
      0.008924804650908483,
      0.004962813204551891,
      0.0,
      0.0,
      0.0,
      0.0,
      0.0,
      0.0,
      0.0,
      0.015399742143267014,
      0.0034511949415074157,
      0.0051339683477671285,
      0.013526586773027507,
      0.005341505039779768,
      0.0,
      0.0,
      0.010092524550261966,
      0.0,
      0.0,
      0.005903028407153095,
      0.011539279824834684,
      0.003015991140428255,
      0.0,
      0.014521294827041224,
      0.004673077306855718,
      0.007542221621496016,
      0.007243239470707787,
      0.005299705688523108,
      0.0,
      0.0036312443279070184,
      0.0,
      0.0077989700387868285,
      0.0,
      0.0061244495796651385,
      0.008486989354772507,
      0.03523334669740054,
      0.0,
      0.0,
      0.01025479690619703,
      0.008939534288735982,
      0.0021762973157403768,
      0.0,
      0.010033615414222371,
      0.0,
      0.0,
      0.007966645129586657,
      0.005154260832460298,
      0.0015400609223806976,
      0.0,
      0.0012656354258698287,
      0.008203849713279992,
      0.003871640519164066,
      0.002164747073500616,
      0.000424249725583602,
      0.0,
      0.0,
      0.005592899496488236,
      0.00023820281984041503,
      0.0,
      0.006033242380488805,
      0.0008954989062001067,
      0.0,
      0.011593500017656026,
      0.006836679344820462,
      0.0,
      0.0069582684756675,
      0.0,
      0.0,
      0.002095683811661874,
      0.0066631009892201545,
      0.01409507299113753,
      0.0,
      0.0,
      0.002286958066523694
    ],
    "low_data": false
  },
  "250000": {
    "median": 0.0012225142137161965,
    "p90": 0.012750621926411918,
    "p10": 0.0,
    "sample": [
      0.00045123691837830763,
      0.0011933224749598541,
      0.01231175170579749,
      0.0,
      0.0,
      0.0,
      0.0,
      0.02281653505394209,
      0.010608835106534025,
      0.0,
      0.010360113430552766,
      0.0,
      0.0,
      0.0,
      0.0,
      0.0,
      0.0,
      0.008051649236897926,
      0.0,
      0.010849089763331177,
      0.01601084601896028,
      0.0002199355657773491,
      0.0,
      0.0,
      0.009564997329111253,
      0.0,
      0.0065963428833725095,
      0.012183999121042448,
      0.0,
      0.0047785507729263535,
      0.0,
      0.0058126568436614725,
      0.0,
      0.0,
      0.013057687006236064,
      0.004499460615479395,
      0.0,
      0.0030908462924837616,
      0.003872144960050124,
      0.013518017199910129,
      0.0012225142137161965,
      0.0,
      0.0,
      0.0001402011823791445,
      0.0,
      0.009785073244785761,
      0.006695898652365168,
      0.0001424164271110408,
      0.0,
      0.0,
      0.0,
      0.0,
      0.0,
      0.0,
      0.0158501497788794,
      0.004821437171436057,
      0.008520772903049817,
      0.015953812754265512,
      0.00769717699318118,
      0.0,
      0.0,
      0.010767861921869487,
      0.0,
      0.0,
      0.008105857960291014,
      0.012741914193942563,
      0.004646995012995406,
      0.0,
      0.014895251727258158,
      0.007064114776087259,
      0.01087623910027184,
      0.010111376323226492,
      0.005400088176481717,
      0.0,
      0.003956583528428934,
      0.0,
      0.008803778637140523,
      0.0,
      0.008299537891330793,
      0.010716217106830033,
      0.037825715370398784,
      0.0,
      0.0,
      0.015709003623467412,
      0.010191009475893619,
      0.004364863095798003,
      0.0,
      0.012785452856289337,
      0.0007154741035811148,
      0.0,
      0.010465478717462664,
      0.007058933321931667,
      0.002762099213512217,
      0.0,
      0.0027428081095716606,
      0.009597217944689753,
      0.004838969137483311,
      0.0033935395183431897,
      0.0012095070203469091,
      0.0,
      0.0,
      0.007509941541004931,
      0.001046687282514563,
      0.0,
      0.006471908782573906,
      0.002131589027696119,
      0.0,
      0.013777902578408467,
      0.007836237245033755,
      0.0,
      0.008885581046241299,
      0.0,
      0.0,
      0.003421403342318762,
      0.008583615592893524,
      0.015780675899297117,
      0.0,
      0.0007737581863809977,
      0.0034334051726553384
    ],
    "low_data": false
  },
  "500000": {
    "median": 0.0037131063582467906,
    "p90": 0.015494215110139285,
    "p10": 0.0,
    "sample": [
      0.000842037863692725,
      0.0022268184773597995,
      0.013051777961490004,
      0.0,
      0.0,
      0.0,
      0.0,
      0.023220841650677396,
      0.011089807225088262,
      0.0,
      0.011073019723797128,
      0.0,
      0.00022794598395869904,
      0.0,
      0.0,
      0.0,
      0.0,
      0.009253839859679635,
      0.0,
      0.012065452770058115,
      0.01861866248045121,
      0.0021005642394720863,
      0.0,
      0.0,
      0.010785814380394238,
      0.0,
      0.008905061534287044,
      0.016810131083490595,
      0.0,
      0.006464997590089996,
      0.0,
      0.008370046903721538,
      0.0,
      0.0,
      0.015583361273693435,
      0.006706967295258262,
      0.0,
      0.005137817558404173,
      0.005136010029413444,
      0.014937187521444045,
      0.0025589961689092785,
      0.0,
      0.0,
      0.00191502488385787,
      0.0,
      0.01111168862665134,
      0.009368480017673587,
      0.003646118820766471,
      0.00027710500497684287,
      0.0,
      0.0,
      0.0,
      0.0,
      0.0,
      0.016544720871867986,
      0.006934480042049611,
      0.013743545244604555,
      0.01969682434958764,
      0.011329845522816545,
      0.0,
      0.0,
      0.011809295901326159,
      0.0,
      0.0016443929062254664,
      0.011502829080263963,
      0.014596489920842014,
      0.007162156952684417,
      0.001424761409689529,
      0.015471928569250748,
      0.010751320269668276,
      0.016017608786706855,
      0.014534314104434905,
      0.005554887449108452,
      0.0,
      0.004458287287938482,
      0.0,
      0.010353288350611436,
      0.0016424748836242186,
      0.011653729398156076,
      0.014153896741550053,
      0.04182339258602957,
      0.0,
      0.0,
      0.024119905263377407,
      0.012120902354841687,
      0.007739838131168495,
      0.0,
      0.01702904596781522,
      0.0025518498016549964,
      0.0,
      0.014318916002041215,
      0.009996118103443504,
      0.004646597619919312,
      0.0005964379436100957,
      0.00502074783423173,
      0.011745923292701941,
      0.006330681183598243,
      0.005288453467370741,
      0.0024204478978465793,
      0.0,
      0.0,
      0.01046620134409346,
      0.0022934466455976927,
      0.0,
      0.007148373785080721,
      0.004037756683030325,
      0.0009480881450689479,
      0.017146457536598825,
      0.009377649886301678,
      0.003514301684522707,
      0.011857678970056518,
      0.0,
      0.0,
      0.005465788007673564,
      0.011545230410014262,
      0.018380034706066327,
      0.0037131063582467906,
      0.0030708748984072482,
      0.005201334835918723
    ],
    "low_data": false
  },