{
  "100000": {
    "median": 0.0006621262084921635,
    "p90": 0.014077143153410202,
    "p10": 0.0,
    "sample": [
      0.00019781472509816843,
      0.0005231326332650479,
      0.0015692921139319584,
      0.012319415125850856,
      0.0,
      0.0,
      0.0032747657870161174,
      0.018700708601629385,
      0.0,
      0.008002398885497211,
      0.0014954465902338532,
      0.0,
      0.012702420954720718,
      0.0,
      0.00023849402803734416,
      0.009108329790705978,
      0.0,
      0.0011253177991616841,
      0.0,
      0.002480159231650309,
      0.0,
      0.005667826002852105,
      0.0,
      0.00038051582315190845,
      0.0,
      0.011695744914673957,
      0.012342711384785147,
      0.008232694424460969,
      0.013756908786304724,
      0.010815315982091473,
      0.0,
      0.01057836585657019,
      0.011939672586765676,
      0.0,
      0.0,
      0.01340409351498907,
      0.0,
      0.0,
      0.0015713980866193127,
      0.006247313296857587,
      0.0,
      0.0,
      0.02133464883024957,
      0.0,
      0.000385582952337414,
      0.012396659604130148,
      0.008216345702527507,
      0.0,
      0.0,
      0.004246133845547804,
      0.0,
      0.0038428956569725847,
      0.00041540168328490406,
      0.01695995296782413,
      0.0,
      0.0,
      0.008480021645814045,
      0.0029316929016288,
      0.0,
      0.019114669691134702,
      0.02549641109569987,
      0.012454202238408568,
      0.015364298250307199,
      0.0,
      0.0,
      0.004140922145304643,
      0.0,
      0.0,
      0.014870462498741186,
      0.011907864446611863,
      0.0028196716691312397,
      0.0,
      0.00606584064697946,
      0.002004215887409453,
      0.0,
      0.0030826505545713217,
      0.0,
      0.0,
      0.0016069699840359853,
      0.0,
      0.009978861231908318,
      0.023857268713320844,
      0.0,
      0.0,
      0.01522449705096359,
      0.008356378821003686,
      0.02138171717515307,
      0.026128474684018202,
      0.0,
      0.005162725474328294,
      0.006381854210030114,
      0.0011139489320481748,
      0.0,
      0.0,
      0.002274038963115598,
      0.0006621262084921635,
      0.00032194406441179676,
      0.0,
      0.0,
      0.014557494704068405,
      0.0,
      0.0,
      0.010464987097634514,
      0.0,
      0.0,
      0.0,
      0.0,
      0.0,
      0.0,
      0.0026790693719807527,
      0.008407651161487175,
      0.009237435905736786,
      0.006076326352879874,
      0.009608063370202619,
      0.0,
      0.0,
      0.0
    ],
    "low_data": false
  },
  "250000": {
    "median": 0.002049176001243444,
    "p90": 0.015204670402193114,
    "p10": 0.0,
    "sample": [
      0.00045123691837830763,
      0.0011933224749598541,
      0.002049176001243444,
      0.012829225888717172,
      0.0,
      0.0,
      0.003669987267272183,
      0.01896288878755462,
      0.0,
      0.008465026667879964,
      0.0019577440298980432,
      0.0,
      0.013737335572849526,
      0.0,
      0.000867806001759165,
      0.009798149648455809,
      0.00011613130015430213,
      0.0019049008273476647,
      0.0,
      0.0032689326076756954,
      0.0,
      0.006887354893320367,
      0.0,
      0.0011943883564524338,
      0.0,
      0.012398218956473995,
      0.013839843239752389,
      0.011232596349937996,
      0.015581459356019813,
      0.011908924010373162,
      0.0,
      0.012236753344788322,
      0.013112269744863455,
      0.0,
      0.0,
      0.014835592571420548,
      0.0,
      0.0,
      0.0023909750649465235,
      0.007167600875056384,
      0.0,
      0.0,
      0.022893313121336044,
      0.0,
      0.0021779502604044867,
      0.013256928198007426,
      0.009949431150340783,
      0.0,
      0.0,
      0.005230022399501818,
      0.0,
      0.005422787209159091,
      0.0021716037703083243,
      0.018184689146094134,
      0.0,
      0.001345109882780305,
      0.011866826201096733,
      0.005358918882866805,
      0.0,
      0.020352890757513935,
      0.027315482264833348,
      0.013129539610016089,
      0.01590438692105062,
      0.0,
      0.0,
      0.005343556514412522,
      0.0,
      0.0,
      0.01524441939895812,
      0.014298901915843404,
      0.006153689147907064,
      0.0008982276778813766,
      0.006166223134938069,
      0.002547851686629684,
      0.0,
      0.00409136001413426,
      0.0,
      0.0,
      0.003782058295701639,
      0.0,
      0.01257122990490656,
      0.026549462889716983,
      0.0,
      0.0,
      0.016475972238121226,
      0.010544944601061312,
      0.023064701700884285,
      0.02888031212608517,
      0.0,
      0.005959176795087626,
      0.008880687797906121,
      0.0030186214215195445,
      0.0,
      0.0,
      0.00375121164681743,
      0.0020554944399019262,
      0.0012892726827310416,
      0.0,
      0.0,
      0.015178171071016442,
      0.0,
      0.0,
      0.011273471560308663,
      0.0,
      0.0,
      0.00043772553174036845,
      0.0,
      0.0,
      0.0,
      0.005408792809340455,
      0.010334963732060973,
      0.01110958792672651,
      0.008377499720279524,
      0.010933782900859506,
      0.0,
      0.0,
      0.0010208460253927605
    ],
    "low_data": false
  },
  "500000": {
    "median": 0.004204199787914113,
    "p90": 0.017061698967780238,
    "p10": 0.0,