{
  "100000": {
    "median": 0.0008734224179882347,
    "p90": 0.019080934038008965,
    "p10": 0.0,
    "sample": [
      3.685116394564532e-05,
      6.364904340328956e-05,
      0.0,
      0.005628099246248172,
      0.03425633251706097,
      0.0,
      0.0,
      0.009173280494837665,
      0.021204317616736863,
      0.0,
      0.0,
      0.00997701707157196,
      0.0,
      0.0,
      0.005326531280944461,
      0.011687852361956654,
      0.0,
      0.0018703120303944453,
      0.013867423752880852,
      0.0,
      0.0,
      0.0029170992354297706,
      0.013778571437908315,
      0.0,
      0.006462658105873675,
      0.0016440356117388207,
      0.0001323500631977238,
      0.011319755283839442,
      0.0,
      0.00027458229517859196,
      0.007421228231117481,
      0.0,
      0.0007269335990607486,
      0.0,
      0.0024280140514844153,
      0.0,
      0.006474451638220239,
      0.0,
      0.0007955745011084103,
      0.0,
      0.020028623835975538,
      0.019669278340379716,
      0.010927818057125597,
      0.022647761303908907,
      0.019102914294526506,
      0.0,
      0.024844679734903775,
      0.028783818034989778,
      0.0,
      0.0,
      0.034785557791003716,
      0.0,
      0.0,
      0.003051260470491302,
      0.011597851579668625,
      0.0,
      0.0,
      0.03338092714959749,
      0.0,
      4.7550104819287734e-05,
      0.018095618159314132,
      0.01233782645644056,
      0.0,
      0.0,
      0.00723573849545848,
      0.0,
      0.0031777137696403657,
      0.001039010851700128,
      0.015911402749062064,
      0.0,
      8.258074532137023e-05,
      0.005471238186086996,
      0.0025705627598767242,
      0.0,
      0.015243947289035914,
      0.02068987870491947,
      0.010395164468322655,
      0.012972707192800062,
      0.0,
      0.0,
      0.003975070472285872,
      0.0,
      0.0,
      0.014799914252132647,
      0.011443265234998258,
      0.001645872544672487,
      0.0,
      0.006697362172498046,
      0.002684509433313923,
      0.0,
      0.0031945619620114673,
      0.0,
      0.0,
      0.0009778192868930618,
      0.0,
      0.008195170183413343,
      0.02308600306240501,
      0.0,
      0.0015324936181301558,
      0.015611689935819953,
      0.008403788067364606,
      0.022262359641476433,
      0.02747833253804449,
      0.0,
      0.007470783609559817,
      0.006852139931028452,
      0.0009512703348680592,
      0.0,
      0.005528469461933168,
      0.0,
      0.0027668493862881617,
      0.0007098247618017685,
      0.0001667211357339037,
      0.0,
      0.0,
      0.0,
      0.019029646772801372,
      0.0,
      0.0,
      0.014538654250218391,
      0.0,
      0.0,
      0.0042496608866212995,
      0.0,
      0.0,
      0.0,
      0.000695151069894133,
      0.00848661057101798,
      0.00963116761048897,
      0.005073464342370582,
      0.010888370632612072,
      0.0,
      0.0,
      0.0
    ],
    "low_data": false
  },
  "250000": {
    "median": 0.0025588647945771637,
    "p90": 0.020890697962542445,
    "p10": 0.0,
    "sample": [
      8.40615158918761e-05,
      0.0001451903956531771,
      0.0,
      0.006064384291221523,
      0.03480115538864576,
      0.0,
      0.0,
      0.009661288269676842,
      0.022007470306953526,
      0.0,
      0.0,
      0.011643638199207523,
      0.0,
      0.0,
      0.005713331334665991,
      0.012292327283630652,
      0.0,
      0.002990817015107519,
      0.014140493818940867,
      0.0,
      0.0,
      0.0038379953439637627,
      0.01478575517354376,
      0.0,
      0.0075000408974519196,
      0.0025375067447262725,
      0.001688751283021047,
      0.011661360749002465,
      0.0,
      0.0008829502734219223,
      0.007967226131704346,
      0.0003174401548641655,
      0.0010232793331196386,
      0.0,
      0.002888431699773948,
      0.0,
      0.007108900777461492,
      0.0,
      0.002265290968978402,
      0.0,
      0.021108744435034063,
      0.020909575530772155,
      0.012023687903277257,
      0.02380778116396305,
      0.02036888199161237,
      0.0,
      0.026167697149971584,
      0.030229477339769058,
      0.0,
      0.0,
      0.03691762766865696,
      0.0,
      0.0,
      0.004384938603264478,
      0.013666426150681352,
      0.0,
      0.0,
      0.03420480912540904,
      0.0,
      0.002090808701226612,
      0.019516201860248977,
      0.01578226197925283,
      0.0,
      0.0,
      0.010760995390993707,
      0.0,
      0.004614141811696084,
      0.003343366814152145,
      0.01833391990171794,
      0.0031678916062253693,
      0.0012976552224015332,
      0.006840141681060912,
      0.004855278906574652,
      0.0,
      0.016062009560959656,
      0.02222938203778729,
      0.010944491379826317,
      0.014255150800020154,
      0.0,
      0.0,
      0.005343528954654189,
      0.0,
      0.0,
      0.015344908745978346,
      0.012446998879810416,
      0.003454724877709963,
      0.0,
      0.007421288935979285,
      0.004036904679117388,
      0.0,
      0.004352671540949269,
      0.0,
      0.0,
      0.002345859699497978,
      0.0,
      0.008539195911789489,
      0.023912233733504287,
      0.0,
      0.01672846500610583,
      0.016371802629492227,
      0.009972997560289782,
      0.023364721627527934,
      0.02863929143970435,
      0.0,
      0.010658018947674557,
      0.009362477195975319,
      0.002549139520291353,
      0.0,
      0.006223120653353027,
      0.0,
      0.0041625694070116905,
      0.0025185879034070394,
      0.0013292184211326592,
      0.0008898224334615611,
      0.0030956577784500435,
      0.0025685900688629747,
      0.022319482104264106,
      0.0,
      0.0,
      0.020846650303339785,
      0.00014419216218663307,
      0.0,
      0.011644394882564767,
      0.0,
      0.0,
      0.000823670329355551,
      0.0008709699004236259,
      0.010418129876015404,
      0.011465483691347752,
      0.006772444788022978,
      0.014818556153923825,
      0.0,
      0.0,
      0.0
    ],
    "low_data": false
  },
  "500000": {
    "median": 0.005249905209501802,
    "p90": 0.023186537133605984,
    "p10": 0.0,