{
  "100000": {
    "median": 0.0028218205827392536,
    "p90": 0.014378550461830692,
    "p10": 0.0,
    "sample": [
      3.685116394564532e-05,
      6.364904340328956e-05,
      0.0,
      0.0,
      0.010706267764646945,
      0.0014570761972022058,
      0.0,
      0.0,
      0.03390965749971122,
      0.0,
      0.011539259975904794,
      0.0,
      0.0,
      0.0006545898717540224,
      0.004774226586012686,
      0.004491521450261986,
      0.0,
      0.0,
      0.0,
      0.0,
      0.00084633950556236,
      0.0,
      0.005958076257861179,
      0.0037431080229774955,
      0.0,
      0.009493369394450677,
      0.006604707567615325,
      0.0,
      0.004352544970471322,
      0.01375117387712898,
      0.005730806815524595,
      0.008521870707124997,
      0.0,
      0.00048059186933744187,
      0.0,
      0.004640632440726307,
      0.0,
      0.035511149894594134,
      0.0,
      0.0060979490435920745,
      0.0,
      0.005865285328555018,
      0.000985610587083381,
      0.0013051377979244154,
      0.0,
      0.003504852632263339,
      0.0,
      0.007508725178642879,
      0.0,
      0.01087008553132709,
      0.027321213382530306,
      0.0,
      0.0,
      0.0029173731263757146,
      0.0,
      0.0,
      0.0,
      0.0,
      0.0,
      0.0246317342063849,
      0.0072391980006821935,
      0.0,
      0.014017384841304366,
      0.01662221115277733,
      0.0016897545126089634,
      0.02182878901872101,
      0.00549329896497415,
      0.015328091111507786,
      0.008952555133973476,
      0.0,
      0.003359360416595003,
      0.00287969077779898,
      0.0,
      0.007306634912977983,
      0.0018475620515506642,
      0.0158128135972902,
      0.004500268589313963,
      0.0,
      0.003919596000983655,
      0.010112273003220974,
      0.0,
      0.008559574523613146,
      0.014533335727770545,
      0.010295857547070814,
      0.0,
      0.002763950387679527,
      0.025033273033230816,
      0.006390910826111641,
      0.008861145478928061,
      0.0,
      0.010038221222015004,
      0.010216409249131437,
      0.0,
      0.0,
      0.00982953692951059,
      0.0,
      0.0,
      0.012420592615418943,
      0.005906396929168316,
      0.004252622582022598,
      0.008988204050635103,
      0.0,
      0.023533555941801707,
      0.010761108985661747,
      0.015774930380384505,
      0.0,
      0.010685872919402348,
      0.0,
      0.0,
      0.0,
      0.0015191348900561365,
      0.004242672479345537,
      0.0,
      0.006920996706009257,
      0.020388372787910225,
      0.0017268340977808657,
      0.0,
      0.011643121706034692,
      0.005334175821693734,
      0.0043614037795464975,
      0.0,
      0.01716825775765112,
      0.0,
      0.007382771802323268,
      0.0,
      0.0,
      0.00930541677994084,
      0.0004585621636662312,
      0.0,
      0.011362148869809479,
      0.001763315203545715,
      0.007206634099624961,
      0.0028952585481898173,
      0.013660287459584376
    ],
    "low_data": false
  },
  "250000": {
    "median": 0.004534348630433806,
    "p90": 0.017145849555359076,
    "p10": 0.0,
    "sample": [
      8.40615158918761e-05,
      0.0001451903956531771,
      0.0,
      0.0,
      0.011251090636231737,
      0.0018993702113135752,
      0.0,
      0.0,
      0.03471281018992788,
      0.0,
      0.012515897770984467,
      0.0,
      0.0,
      0.0017452248459130218,
      0.005161026639734216,
      0.005095996371935984,
      0.00044116577167159217,
      0.0,
      0.0,
      0.0,
      0.0011691832562148617,
      0.0,
      0.006965259993496623,
      0.0042031066983938955,
      0.0,
      0.01038684052743813,
      0.008161108787438648,
      0.0,
      0.004798591250213369,
      0.014359541855372311,
      0.0062768047161114605,
      0.008871391086964563,
      0.0,
      0.0006704485063238829,
      0.0,
      0.005681305128709914,
      0.0,
      0.036421884211721295,
      0.0,
      0.006950643749470268,
      0.0,
      0.007105582518947457,
      0.00208148043323504,
      0.002465157657978557,
      0.0,
      0.0044958945401506085,
      0.0004594572259910617,
      0.00895438448342216,
      0.0,
      0.011737453332088733,
      0.029453283260183545,
      0.0,
      0.0,
      0.00425105125914889,
      0.0,
      0.001161787435485551,
      0.0,
      0.0,
      0.0,
      0.026674992802792223,
      0.008659781701617037,
      0.0,
      0.015369166300885905,
      0.019083011749890577,
      0.00521501140814419,
      0.02368150038053173,
      0.006929727007029868,
      0.017632447073959803,
      0.011375072286629352,
      0.007161121662245504,
      0.004574434893675166,
      0.004248594272772895,
      0.0,
      0.008932771612054816,
      0.002665624323474407,
      0.017352316930158016,
      0.005049595500817626,
      0.0,
      0.004778273577388367,
      0.011120441829554736,
      0.0,
      0.010225868782351225,
      0.01569029457909481,
      0.010840852040916513,
      0.0,
      0.004572802720717003,
      0.025315992666777257,
      0.00711483758959288,
      0.010213540724731525,
      0.0,
      0.011196330800952805,
      0.011056794348166771,
      0.0,
      0.0,
      0.010436652675780337,
      0.0,
      0.0,
      0.014140938998121537,
      0.02110236831714399,
      0.005012735275694874,
      0.01055741354356028,
      0.0,
      0.02469451484346157,
      0.013824117340963376,
      0.018962165718499246,
      0.001623059724780467,
      0.012283742104825641,
      0.0,
      0.0,
      0.0,
      0.0029148549107796654,
      0.006051435620950807,
      0.0,
      0.010236899330087628,
      0.023544053379047483,
      0.004421258573321727,
      0.0,
      0.01666409234749488,
      0.007697241757904216,
      0.01066939983266789,
      0.0,
      0.02202093353866736,
      0.0072168749276816276,
      0.012165582475495736,
      0.0,
      0.0018897156870090954,
      0.009481235610470332,
      0.002390081468663656,
      0.0,
      0.013061129315461875,
      0.005693500724857468,
      0.008064312969702859,
      0.00392740241424611,
      0.015042771854972097
    ],
    "low_data": false
  },
  "500000": {
    "median": 0.006026164240726335,
    "p90": 0.020949264618969586,
    "p10": 0.0,