{
  "100000": {
    "median": 0.0026968968496057693,
    "p90": 0.014546492074674917,
    "p10": 0.0,
    "sample": [
      3.685116394564532e-05,
      6.364904340328956e-05,
      0.002681877429805268,
      0.0,
      0.0,
      0.00012140124646734934,
      0.02137957340687998,
      0.024407499178218786,
      0.018937097523929507,
      0.0,
      0.007560371922997146,
      0.0065876477355300105,
      0.0178741370647224,
      0.01332956737416012,
      0.004636008447566145,
      0.017139566917456935,
      0.0,
      0.010423195111191195,
      0.0,
      0.0,
      0.0,
      0.0,
      0.016485530781365984,
      0.007770370846766006,
      0.0,
      0.008654336668024494,
      0.0,
      0.0,
      0.0,
      0.0,
      0.0,
      0.0,
      0.006621746158840559,
      0.0,
      0.01083820637118537,
      0.015561042492821744,
      0.0,
      0.0,
      0.0,
      0.015383072498725127,
      0.0,
      0.007546440307902508,
      0.012554509429778695,
      0.0,
      0.0061367396067229935,
      0.0,
      0.008367678175572737,
      0.0,
      0.0,
      0.028981304298840608,
      0.006922400593487984,
      0.0,
      0.0034190525308178156,
      0.006247162140657129,
      0.023064260487147027,
      0.001302550106072646,
      0.0,
      0.0,
      0.00039342245770928024,
      0.0,
      0.013065789824735963,
      0.007763811701193211,
      0.0,
      0.0,
      0.0,
      0.0,
      0.0,
      0.0,
      0.0,
      0.018519032171338427,
      0.002832231463985731,
      0.002947118964782957,
      0.010612513211071834,
      0.00393112570008604,
      0.0,
      0.0,
      0.008421720856053394,
      0.0,
      0.0,
      0.004277178435349235,
      0.010691186622021748,
      0.0029740231195522792,
      0.0,
      0.014455633870408512,
      0.003763003656802262,
      0.006731591656159214,
      0.007053656956163136,
      0.005912699278871193,
      0.0,
      0.004549864462000624,
      0.0,
      0.0078007792199418745,
      0.0,
      0.0054550330283775865,
      0.007148430866969812,
      0.03335856721188343,
      0.0,
      0.0,
      0.018146620009849547,
      0.008986736765787847,
      0.0017302118006117418,
      0.0,
      0.009644043175757828,
      0.0008137920406359109,
      0.0,
      0.008601909295129112,
      0.004159174043848838,
      0.002219790138211804,
      0.006767403987425338,
      0.0,
      0.0012579395566631065,
      0.013153180886703494,
      0.006237079759984955,
      0.004667967457683688,
      0.003438567430369739,
      0.001847843265643739,
      0.0,
      0.0,
      0.006413791938293193,
      0.004539731162596828,
      0.0,
      0.008803601047468291,
      0.00571224543141568,
      0.0,
      0.010322743193365798,
      0.006864934906808507,
      0.0,
      0.007021339246207068,
      0.0,
      0.0,
      0.004035525478057738,
      0.006596183711909682,
      0.014637350278941322,
      0.0,
      0.0001988606848332005,
      0.002711916269406271
    ],
    "low_data": false
  },
  "250000": {
    "median": 0.004268979912897659,
    "p90": 0.015335061254625911,
    "p10": 0.0,
    "sample": [
      8.40615158918761e-05,
      0.0001451903956531771,
      0.0028609548540659718,
      0.0,
      0.0,
      0.0005636952605787187,
      0.022017027170466996,
      0.024895506953057964,
      0.01974025021414617,
      0.0,
      0.008537009718076818,
      0.008254268863165572,
      0.018714494828871876,
      0.01442020234831912,
      0.005022808501287676,
      0.017744041839130933,
      0.0,
      0.01154370009590427,
      0.0,
      0.0,
      0.0,
      8.307914184916068e-05,
      0.017492714517001427,
      0.008230369522182406,
      0.0,
      0.009547807801011946,
      0.0,
      0.0,
      0.0,
      0.0,
      0.0,
      0.0,
      0.006918091892899449,
      0.0,
      0.011298624019474903,
      0.016601715180805353,
      0.0,
      0.0,
      0.0,
      0.01623576720460332,
      0.0,
      0.008786737498294946,
      0.013650379275930356,
      0.0,
      0.007402707303808856,
      0.0,
      0.009690695590640546,
      0.0,
      0.0,
      0.029848672099602253,
      0.009054470471141225,
      0.0,
      0.0055450939729841,
      0.007580840273430305,
      0.025132835058159754,
      0.0036511285653899744,
      0.0,
      0.0,
      0.004651848661629881,
      0.0,
      0.014486373525670808,
      0.011208247224005478,
      0.0,
      0.0,
      0.0,
      0.0,
      0.0,
      0.0,
      0.0,
      0.02624903305156601,
      0.004047305941065894,
      0.004316022459756872,
      0.012897229357769761,
      0.005557262399162873,
      0.0,
      0.0,
      0.008971047767557055,
      0.0,
      0.0,
      0.0052853472616829975,
      0.012059645104390067,
      0.004640317378290357,
      0.0,
      0.01500062836425421,
      0.004766737301614421,
      0.00854044398919669,
      0.007336376589709577,
      0.006636626042352432,
      0.0,
      0.005983764566646919,
      0.0,
      0.008641164318977209,
      0.0,
      0.006823073440982503,
      0.00775554661323956,
      0.03370259294025958,
      0.0,
      0.0,
      0.03334259139782522,
      0.009746849459460121,
      0.003299421293536918,
      0.0,
      0.010805002077417693,
      0.003876800395937541,
      0.0,
      0.011112246560075978,
      0.0057570432292721315,
      0.004221937366038446,
      0.007467929892555444,
      0.0,
      0.002653659577386635,
      0.014961944028308765,
      0.00739957704538371,
      0.00798387008176206,
      0.0065942480215069954,
      0.0045422677411846,
      3.6887345276394486e-05,
      0.001677485177468437,
      0.008776857874503675,
      0.010847727215718223,
      0.0,
      0.013656276828484526,
      0.013106979427359148,
      0.0034792792311550613,
      0.012262065654975757,
      0.008924329808630685,
      0.0,
      0.008952858551204493,
      0.0,
      0.0,
      0.007965710999369493,
      0.007453862581987579,
      0.015669494144997614,
      0.0,
      0.003224324151724315,
      0.0039061325758480807
    ],
    "low_data": false
  },
  "500000": {
    "median": 0.007291147826655108,
    "p90": 0.018441364968699955,
    "p10": 0.0,