{
  "100000": {
    "median": 0.0013831667600920474,
    "p90": 0.016968835623860368,
    "p10": 0.0,
    "sample": [
      3.685116394564532e-05,
      6.364904340328956e-05,
      0.0,
      0.0,
      0.0262643192985934,
      0.0,
      0.004842136135464313,
      0.00748355220023339,
      0.023651939643038744,
      0.0,
      0.0,
      0.006994361623007733,
      0.0,
      0.014523981798831097,
      0.0,
      0.025548162922731668,
      0.0,
      0.0,
      0.0023221491969966576,
      0.0,
      0.03897947709680975,
      0.01440918778419047,
      0.002261417410647576,
      0.0,
      0.0008904664061288375,
      0.0,
      0.0019724124630743907,
      0.0,
      0.0,
      0.017513595791454933,
      0.0,
      0.013785868494562996,
      0.0013743178728898666,
      0.010976595761794041,
      0.0,
      0.0,
      0.0,
      0.003215832785074,
      0.002562424309350213,
      0.0061536728221530685,
      0.012694383838313785,
      0.0,
      0.010435435068162578,
      0.0,
      0.008395941850012696,
      0.0,
      0.0,
      0.009475299339415905,
      0.002255918336270087,
      0.008676056679739256,
      0.0015458234309801864,
      0.01932900044524142,
      0.0,
      0.0,
      0.0,
      0.0144526006222124,
      0.0,
      0.0,
      0.021073533041226264,
      0.0,
      0.0045236333224400625,
      0.0033919572400123886,
      0.0,
      0.0,
      0.00021514579175458673,
      0.013165099931672006,
      0.0,
      0.0,
      0.008913755466596283,
      0.001995225477334839,
      0.001413020812975192,
      0.015697728566139702,
      0.01119645231610714,
      0.0,
      0.004149617662781689,
      0.002748214447530006,
      0.012960203077486649,
      0.005291940536754348,
      0.0025695827851343112,
      0.0,
      0.0013920156472942283,
      0.0001262934953118681,
      0.014494172909493508,
      0.007558627533775306,
      0.0,
      0.0,
      0.0,
      0.0017576174765706288,
      0.020011245724498024,
      0.008813771710635713,
      0.0,
      0.0,
      0.0,
      0.0005871632847360497,
      0.0,
      0.0,
      0.009237050414984785,
      0.0,
      0.013959480014898851,
      0.0,
      0.003464102848078826,
      0.0,
      0.0,
      0.028140273752444572,
      0.020528977492476355,
      0.03044900641058498,
      0.0,
      0.0,
      0.0,
      0.0,
      0.022310796121912703,
      0.0,
      0.0,
      0.012677074502016765,
      0.0,
      0.019080447167488697,
      0.0,
      0.004451909950341282,
      0.032766303838421364,
      0.0017036590432948657,
      0.0,
      0.010495909159420948,
      0.014218711735485745,
      0.001082760740357559,
      0.0,
      0.014631088446293784,
      0.0017122077933991225,
      0.002458246650653283,
      0.0003821737956935835,
      0.0014350035078016987,
      0.0,
      0.008296216526453164,
      0.009450727020919876,
      0.0
    ],
    "low_data": false
  },
  "250000": {
    "median": 0.0025383817515542695,
    "p90": 0.021538504303090896,
    "p10": 0.0,
    "sample": [
      8.40615158918761e-05,
      0.0001451903956531771,
      0.0,
      0.0,
      0.026809142170178196,
      0.0,
      0.005479589899051329,
      0.007971559975072567,
      0.024455092333255407,
      0.0,
      0.0,
      0.008660982750643295,
      0.0,
      0.015614616772990097,
      0.0,
      0.026152637844405666,
      0.0,
      0.0,
      0.002595219263056672,
      0.0,
      0.039302320847462255,
      0.015330083892724462,
      0.0032686011462830207,
      0.0,
      0.0019278491977070822,
      0.0,
      0.0035288136828977136,
      0.0,
      0.0,
      0.01812196376969826,
      0.0,
      0.014135388874402563,
      0.0016706636069487566,
      0.011166452398780483,
      0.0,
      0.0,
      0.0,
      0.0041265671022011645,
      0.004032140777220205,
      0.007006367528031262,
      0.01377450443737231,
      0.0,
      0.011531304914314238,
      0.0,
      0.009661909547098559,
      0.0,
      0.0,
      0.010920958644195185,
      0.0029694164548675567,
      0.009543424480500898,
      0.0036778933086334268,
      0.021890975233100594,
      0.0019345470910054952,
      0.0,
      0.0,
      0.016801179081529727,
      0.0,
      0.0,
      0.025331959245146866,
      0.0,
      0.005944217023374906,
      0.006836392762824657,
      0.0,
      0.0,
      0.0037404026872898117,
      0.015017811293482727,
      0.0003306466071695004,
      0.0007660500628540812,
      0.011336272619252161,
      0.009725226357562424,
      0.002628095290055355,
      0.017066632061113616,
      0.013481168462805069,
      0.0,
      0.004967679934705432,
      0.004287717780397825,
      0.01350952998899031,
      0.006574384143974439,
      0.0034282603615390234,
      0.0,
      0.0027604741296625456,
      0.001792587754049946,
      0.015651131760817772,
      0.008103622027621004,
      0.0,
      0.0,
      0.0,
      0.0024815442400518673,
      0.02136364097030149,
      0.010247671815282008,
      0.0001122630649483022,
      0.0,
      0.0,
      0.0019552036973409658,
      0.0,
      0.0,
      0.01006328108608406,
      0.0,
      0.029155451402874524,
      0.0,
      0.005033312341004003,
      0.0,
      0.0,
      0.031203282107746203,
      0.023716212830591096,
      0.03295934367553185,
      0.0015877332646603247,
      0.0,
      0.0,
      0.0,
      0.02370651614263623,
      0.0016752890322650944,
      0.0,
      0.015992977126095136,
      0.0,
      0.021774871643029558,
      0.0,
      0.00947288059180147,
      0.035129369774631845,
      0.00801165509641626,
      0.0,
      0.015348584940437185,
      0.02161344573142921,
      0.005865571413530026,
      0.0,
      0.016690483348115962,
      0.0018880266239286155,
      0.004389765955650707,
      0.0022164898765523657,
      0.003133983953454095,
      0.000393338284002614,
      0.009153895396531064,
      0.01048287088697617,
      0.0
    ],
    "low_data": false
  },
  "500000": {
    "median": 0.004627138541036799,
    "p90": 0.025020289351906526,
    "p10": 0.0,