{
  "100000": {
    "median": 0.0013821772771114007,
    "p90": 0.013007265761572372,
    "p10": 0.0,
    "sample": [
      3.845210793174097e-05,
      0.00021475822315838297,
      0.0,
      0.0,
      0.0,
      0.014232245940094231,
      0.012932613468801042,
      0.012430976519461874,
      0.007013811890145487,
      0.0,
      0.0,
      0.0,
      0.027337720349786477,
      0.004451536972350298,
      0.0,
      0.0003026452845231818,
      0.011160607627932492,
      0.0,
      0.003053070739949793,
      0.0026909233171105553,
      0.0,
      0.0,
      0.0007186005314789228,
      0.012749021769657122,
      0.0,
      0.0,
      0.009201339412665184,
      0.0,
      0.0,
      0.0,
      0.0,
      0.012391089971734732,
      0.0,
      0.0021351854375419085,
      0.0005826449876399861,
      0.0,
      0.0,
      0.0,
      0.0,
      0.0,
      0.0,
      0.01800293071101009,
      0.0,
      0.0,
      0.006239351676450967,
      0.0068461083812969385,
      0.0,
      0.0,
      0.00209029855113593,
      0.0018102062434671,
      0.010017021458503523,
      0.00424240204492335,
      0.004568800653360642,
      0.0,
      0.0,
      0.0,
      0.009151907757165989,
      0.0,
      0.005584888864620821,
      0.009684585769110519,
      0.0008164535653696759,
      0.0,
      0.0,
      0.008199804816885611,
      0.0,
      0.0019949277276111355,
      0.013189842049853103,
      0.01165376976866263,
      8.089455675783642e-05,
      0.011218316006573206,
      0.0016168559849312997,
      0.0038060548343764626,
      0.0007465763106275299,
      0.00810048644622274,
      0.00662151496130502,
      0.0,
      0.009534844218836434,
      0.0,
      0.0,
      0.0,
      0.004477173851911705,
      0.022955088806871523,
      0.0,
      0.0,
      0.007321919110083833,
      0.01605108256900195,
      0.0,
      0.0,
      0.008767914677139546,
      0.0,
      0.0,
      0.006661668502587529,
      0.01208411068145948,
      0.0,
      0.003137879576561058,
      0.01271595863762558,
      0.0,
      0.0,
      0.0030128844813920577,
      0.012847710121142362,
      0.0,
      0.005957818670295774,
      0.0017910576279383237,
      0.0002459582243816891,
      0.009384928526925688,
      0.0,
      0.0033784319466310113,
      0.007065597779763947,
      0.0027754024604148783,
      0.003665881496408113,
      0.0,
      0.0036662169074717105,
      0.0,
      0.004511655584284133,
      0.0,
      0.003003368967826912,
      0.0,
      0.010167165467976306,
      0.013825151768016797,
      0.0047006793834621936,
      0.010279275450382631,
      0.011915414668923463,
      0.0,
      0.008211635934920393,
      0.012243082800281203,
      0.0,
      0.0,
      0.01653795980169547,
      0.0,
      0.0,
      0.0029744626734601425,
      0.007235006130510587,
      0.0,
      0.0,
      0.029676455926154924,
      0.0,
      9.737643442343639e-05,
      0.01566971401374698,
      0.008257228670274307,
      0.0,
      0.0,
      0.008532542511383388,
      0.0,
      0.005684963655879314,
      0.0014586735423407502,
      0.01887818989379156,
      0.0,
      0.0008721075572448197,
      0.012700860172479933,
      0.004830171016655611,
      0.0,
      0.019449555315068062,
      0.022567239201432603,
      0.019012406728600193,
      0.015280770679601747,
      0.0,
      0.0,
      0.007994289280049305,
      0.0,
      0.0,
      0.014141826354399109,
      0.01042465353370485,
      0.0011358414591924964,
      0.0,
      0.005348736585246916,
      0.002147035531033934,
      0.0,
      0.0023995137550063507,
      0.0,
      0.0,
      0.0013821772771114007,
      0.0,
      0.006847826311143603,
      0.018755615948606273,
      0.0,
      0.0019439333987216114,
      0.013458992505206744,
      0.007248403984057376,
      0.020216142204384342,
      0.024853393606458267,
      0.0,
      0.006585735740601971,
      0.004926815012226133,
      0.0007733407331950901,
      0.0,
      0.006776314242901709,
      0.0,
      0.0050485282691884546,
      0.004411825886439266,
      0.003615041054953886,
      0.0,
      0.0,
      0.001163301197848169,
      0.018488761498013807,
      0.0,
      0.0,
      0.013007265761572372,
      0.0033985234343287957,
      0.0,
      0.0,
      0.0,
      0.0,
      0.0,
      0.0020426412098566013,
      0.006229547223404373,
      0.007942272967202166,
      0.0052861161803122005,
      0.010409115403619468,
      0.0,
      0.0,
      0.0
    ],
    "low_data": false
  },
  "250000": {
    "median": 0.003247482519821286,
    "p90": 0.015286777318460627,
    "p10": 0.0,