{
  "100000": {
    "median": 0.001126396893048714,
    "p90": 0.015855828267775842,
    "p10": 0.0,
    "sample": [
      0.0004673132289678061,
      0.0011120606359018204,
      0.0,
      0.0,
      0.0,
      0.012253742115159734,
      0.0,
      0.004126535914733737,
      0.011142624759186152,
      0.0,
      0.007800121454653064,
      0.007168210891144827,
      0.004949511231265601,
      0.00942681267138761,
      0.013546014999347888,
      0.004778668939754812,
      0.0,
      0.005048861435212212,
      0.0013260622285580774,
      0.0,
      0.0,
      0.012799915250375101,
      0.0,
      0.0035084610016617975,
      0.004746668913587401,
      0.013264120913160062,
      0.0,
      0.0,
      0.004853341781005433,
      0.0,
      0.00978221236848254,
      0.0,
      0.017481017688809608,
      0.0,
      0.0,
      0.002908499660542907,
      0.0,
      0.03249439439749163,
      0.01369247674711822,
      0.0024101871908235968,
      0.0,
      0.00047454113134013406,
      0.0,
      0.0019516137425186022,
      0.0,
      0.0,
      0.02050130592562839,
      0.0,
      0.01579264914648519,
      0.0020681464025698146,
      0.010923189862636268,
      0.0,
      0.0,
      0.0,
      0.0035864967661842313,
      0.0029395436469145655,
      0.005365260565226394,
      0.008967932841479504,
      0.0,
      0.011187608789237843,
      0.0,
      0.004557844749309171,
      0.0,
      0.0,
      0.0062963336388343625,
      0.002832349328079926,
      0.005854358714206253,
      0.0018206248004575482,
      0.008724158917999861,
      5.707324755435314e-05,
      0.0,
      0.0,
      0.009600961919647063,
      0.0,
      0.0,
      0.01404746141512846,
      0.0,
      0.002688539721278229,
      0.0007516688952953536,
      0.0,
      0.0,
      0.0,
      0.016424440359391727,
      0.0,
      0.0,
      0.011552594398291928,
      0.0,
      0.0014245080453491772,
      0.02729331000307297,
      0.01761283925108957,
      0.0,
      0.00744667630813104,
      0.0035727907919682706,
      0.021681683927506443,
      0.007463531482229434,
      0.00336195679921877,
      0.0,
      0.000576429177945371,
      0.0,
      0.022332886719120815,
      0.01140471982847075,
      0.0,
      0.0,
      0.0,
      0.00249346326273149,
      0.013610616330455278,
      0.005676495129555947,
      0.0,
      0.0,
      0.0,
      0.0008916582336632925,
      0.0,
      0.0,
      0.006105821482461003,
      0.0,
      0.0027461885556684454,
      0.0,
      0.0024980729764475023,
      0.0,
      0.0,
      0.023577678434580838,
      0.017180695940264567,
      0.027591134798850954,
      0.0,
      0.0,
      0.0,
      0.026911657957651193,
      0.0,
      0.0,
      0.011858166376602712,
      0.0,
      0.024265750710958267,
      0.0,
      0.0011870462064001023,
      0.042787100363571334,
      0.0,
      0.0,
      0.010507202074894426,
      0.013255083623479717,
      0.0,
      0.0,
      0.016688540982155338,
      0.00230581144317832,
      0.0016076748305213747,
      0.0,
      0.0011407331501956074,
      0.0,
      0.007994215949663668,
      0.009783472655081768,
      0.0
    ],
    "low_data": false
  },
  "250000": {
    "median": 0.002322239742336434,
    "p90": 0.01713993246359952,
    "p10": 0.0,
    "sample": [
      0.0010659923382963655,
      0.0025367313487159853,
      0.0,
      0.0,
      0.0,
      0.01328200844270906,
      0.0,
      0.004710842934223042,
      0.012805347705311393,
      0.0,
      0.009894824037758494,
      0.008760927880143276,
      0.0069985530380932415,
      0.012145296666966805,
      0.015016167573239059,
      0.0054577793260624395,
      0.0,
      0.006079538045749029,
      0.0032130925332141593,
      0.0,
      0.0,
      0.013800621768068429,
      0.0,
      0.004863925470688606,
      0.005313242194232826,
      0.013943902691602885,
      0.0,
      0.0013550923231886133,
      0.006659869041585131,
      0.0,
      0.011383598462899228,
      0.0,
      0.01863806032939314,
      0.0,
      0.0,
      0.004841877597510164,
      0.0,
      0.03296124937254064,
      0.014386837843004943,
      0.0034081488081812,
      0.0,
      0.0009597028121450792,
      0.0,
      0.003416603066126773,
      9.566990211984936e-05,
      0.0,
      0.021203591209234294,
      0.0,
      0.01624232389017267,
      0.003143489843924722,
      0.011295433708716074,
      0.0,
      0.0,
      0.0,
      0.0050854056910100785,
      0.005087898617065763,
      0.007451090423283525,
      0.009919131636448862,
      0.0,
      0.017113761203925455,
      0.0,
      0.005347405901615092,
      0.0,
      0.0,
      0.009349167994896811,
      0.0054471826886639775,
      0.00892805909278981,
      0.004217171772915741,
      0.011097425714078743,
      0.001290208803847176,
      0.0,
      0.0,
      0.011211973732891548,
      0.0,
      0.0,
      0.016226414434837418,
      0.0,
      0.0028528988101169596,
      0.0010588078609153526,
      0.0,
      0.0,
      0.0011095775049820753,
      0.01779873691020626,
      0.0,
      0.00014133961478590522,
      0.011613044638824885,
      0.0,
      0.002211793745305471,
      0.028146854812479194,
      0.018859136174194907,
      0.0,
      0.010057642572912008,
      0.004920698581233758,
      0.02169107925855472,
      0.007673897037709719,
      0.0037860576081327362,
      0.0,
      0.0006792370804259767,
      0.0,
      0.022808197700725074,
      0.012004460440758827,
      0.0,
      0.0,
      0.0,
      0.004052376306458213,
      0.01585946395536921,
      0.007115659280240785,
      0.0007596321340263648,
      0.0,
      0.0,
      0.002449062007916017,
      0.0011477816389937191,
      0.0,
      0.007631978191485696,
      0.0,
      0.004618694831859983,
      0.0,
      0.0038851855802206907,
      0.0,
      0.0,
      0.02363218352551611,
      0.017375473800666126,
      0.027780331413340527,
      0.0,
      0.0,
      0.0,
      0.027900789635664874,
      0.0,
      0.0,
      0.012872197613942312,
      0.0,
      0.02447600925459851,
      0.0,
      0.0017693540789207474,
      0.043047830281195444,
      0.0,
      0.0,
      0.011061364106004095,
      0.014061891369137571,
      0.0,
      0.0,
      0.018039294713717933,
      0.0032201710889976963,
      0.002436094518899819,
      0.0012567102061812442,
      0.0024326857393673963,
      0.0,
      0.008894472785977353,
      0.01083641965970714,
      0.0
    ],
    "low_data": false
  },
  "500000": {
    "median": 0.004028352022565998,
    "p90": 0.019619712310303287,
    "p10": 0.0,