{
  "100000": {
    "median": 0.0015529032688488661,
    "p90": 0.015418689508074724,
    "p10": 0.0,
    "sample": [
      0.0004673132289678061,
      0.0011120606359018204,
      0.002590347687695652,
      0.0,
      0.004744492166876635,
      0.01980826247674571,
      0.01540325082465706,
      0.0,
      0.0,
      0.0,
      0.02184803000797206,
      0.0,
      0.0,
      0.0,
      0.0,
      0.014332963713159026,
      0.0,
      0.0025798605804596307,
      0.0,
      0.0,
      0.0,
      0.0055632331391571675,
      0.0013007268805638437,
      0.0,
      0.0,
      0.018936935225365967,
      0.0,
      0.0076295008183003745,
      0.0,
      0.0,
      0.0011272329614674915,
      0.0030598639049429143,
      0.0035605546061279534,
      0.0016417367813988028,
      0.0,
      0.0,
      0.0,
      0.0008575016073135429,
      0.0,
      0.006497672738267734,
      0.004300591795132701,
      0.0,
      0.010021881126789273,
      0.0068930541332336,
      0.0,
      0.005483025063451521,
      0.0160953376981759,
      0.006995260921153114,
      0.009777365251079095,
      0.0,
      0.000616948999105665,
      0.0,
      0.005560276221686346,
      0.0,
      0.0347414614813186,
      0.0,
      0.005327315385049741,
      0.0,
      0.005010964502404318,
      0.004714981656603616,
      0.0006840590188782524,
      0.0,
      0.00354803172508037,
      0.0008157011815265152,
      0.005374317621507769,
      0.0,
      0.006802051770284053,
      0.012716576613579052,
      0.0,
      0.0,
      0.0014640697562989294,
      0.0,
      0.0,
      0.0,
      0.0,
      0.0,
      0.017197714920742666,
      0.004724555680962698,
      0.0,
      0.009857579837322482,
      0.012922388382590501,
      0.0005281786711622234,
      0.02777380851050639,
      0.0060268978450040015,
      0.02009843901368505,
      0.011616159627838957,
      0.0,
      0.004817965765154367,
      0.003962803952597167,
      0.0,
      0.011060128840247768,
      0.003900466512404916,
      0.02486660200598762,
      0.007049368775247892,
      0.0,
      0.005516291872341668,
      0.015557637658833712,
      0.0,
      0.011930507260121865,
      0.022396170042248576,
      0.015601412672943547,
      0.0,
      0.003000143903999741,
      0.027826418441105873,
      0.007453416831811592,
      0.006637113255553411,
      0.0,
      0.006544278217043883,
      0.006662299688295232,
      0.0,
      0.0,
      0.008107604442738052,
      0.0,
      0.0,
      0.007523322927140596,
      0.0,
      0.003450459822750822,
      0.005989657199796669,
      0.0,
      0.014631050629988599,
      0.007692980568661911,
      0.01269344089848728,
      0.0,
      0.012798002314745616,
      0.0,
      0.0,
      0.0013013431077752652,
      0.0042531318737663035,
      0.0,
      0.005544170151471572,
      0.02446646766223857,
      0.0,
      0.0,
      0.011076153178115968,
      0.005009225167719904,
      0.0,
      0.0,
      0.020528239388627238,
      0.0,
      0.005492824926398732,
      0.0,
      0.0,
      0.009981549608242275,
      0.0,
      0.0,
      0.01320657425202521,
      0.0,
      0.006952526502798769,
      0.002987999754463984,
      0.013786864245502026
    ],
    "low_data": false
  },
  "250000": {
    "median": 0.0031115683532675522,
    "p90": 0.015633197523502985,
    "p10": 0.0,
    "sample": [
      0.0010659923382963655,
      0.0025367313487159853,
      0.0034819509148716885,
      0.0006332261162552701,
      0.006152156008665787,
      0.020836528804295033,
      0.015610796211915955,
      0.0,
      0.0,
      0.0,
      0.023942732591077494,
      0.0,
      0.0,
      0.0,
      0.0,
      0.015012074099466654,
      0.0,
      0.0036105371909964483,
      0.0,
      0.0,
      0.0,
      0.006563939656850496,
      0.0021817072155702107,
      0.0010087411685759172,
      0.0,
      0.019616717003808792,
      0.0,
      0.009299565398165635,
      0.0,
      0.0,
      0.00272861905588418,
      0.003315135511069528,
      0.004717597246711485,
      0.004805162959111868,
      0.0,
      0.0,
      0.0,
      0.0013243565823625467,
      0.0,
      0.0074956343556253375,
      0.0048907234422872915,
      0.0,
      0.01117880639377213,
      0.008358043456841772,
      0.0,
      0.006895702818183045,
      0.016797622981781807,
      0.008054360298111126,
      0.010227039994766571,
      0.0,
      0.0009891928451854714,
      0.0,
      0.007778878959960377,
      0.0005557141783290526,
      0.036240370406144445,
      0.0,
      0.007413145243106873,
      0.0,
      0.007130638502186726,
      0.010641134071291226,
      0.0012586496795135356,
      0.0,
      0.006527088493525188,
      0.0029080011954655764,
      0.008427151977570217,
      0.0,
      0.009875752148867609,
      0.015113123586037246,
      0.0019383793372149002,
      0.00028497915683982204,
      0.0017776051746914647,
      0.0,
      0.0008717950682610321,
      0.0,
      0.0,
      0.0,
      0.01755844446839922,
      0.004888914769801428,
      0.0,
      0.010108296017558183,
      0.014764521684459467,
      0.002340521969877259,
      0.02914810506132092,
      0.0062484283280958425,
      0.022682505765495034,
      0.011676609868371914,
      0.0,
      0.005605251465110661,
      0.0048163487620033925,
      0.0,
      0.01329395642053071,
      0.006511432777185884,
      0.02621450979525311,
      0.007058764106296171,
      0.0,
      0.0059403926812556344,
      0.015834809327786265,
      0.0,
      0.012690872659558197,
      0.022871481023852835,
      0.016201153285231626,
      0.0,
      0.004387732229639689,
      0.028948789987193618,
      0.009012329875538315,
      0.008885960880467343,
      0.0,
      0.007651820463351541,
      0.007191378284492999,
      0.0,
      0.0,
      0.010417357133410975,
      0.0,
      0.00017203338772042416,
      0.008945931213584354,
      0.0,
      0.00494862628863859,
      0.0073767698035698565,
      0.0,
      0.015413509119175325,
      0.007747485659597185,
      0.012888218758888839,
      0.0,
      0.013089613257550438,
      0.0,
      0.0,
      0.002290474785788946,
      0.00523615054306544,
      0.0,
      0.0065582013888111695,
      0.024549351470798782,
      0.0,
      0.0,
      0.011658461050636613,
      0.005269955085344016,
      0.0007249922201522807,
      0.0,
      0.021082401419736906,
      0.0,
      0.00592209920231093,
      0.0,
      0.00027168713735186735,
      0.010895909254061652,
      0.0004143656300495738,
      0.0,
      0.014498526841197,
      0.0005163831804641313,
      0.007852783339112454,
      0.004040946759089357,
      0.015240856947491556
    ],
    "low_data": false
  },
  "500000": {
    "median": 0.005199022703468866,
    "p90": 0.017632799939985646,
    "p10": 0.0,