{
  "100000": {
    "median": 5.6910046419724095e-06,
    "p90": 0.010180940755948234,
    "p10": 0.0,
    "sample": [
      1.1382009283944819e-05,
      1.1472983163908882e-05,
      0.00014092369914841193,
      0.004928355877665654,
      0.00026323689923771096,
      0.0002436601116950133,
      0.0037084337850303993,
      0.0038029872923193635,
      0.0,
      0.0032956682997715785,
      0.0,
      0.0011373993765749068,
      0.0,
      0.0,
      0.006991046662270182,
      0.0,
      0.0,
      0.0,
      0.0016045553605007732,
      0.0,
      0.0,
      0.0,
      0.0,
      0.007764995712212967,
      0.005320335849344742,
      0.0,
      0.00698099091442654,
      0.004317418030566035,
      0.0031221743693545193,
      0.003607630661520906,
      0.0027074003578281525,
      0.0,
      0.0,
      0.0,
      0.0,
      0.005599876016350614,
      0.0,
      0.0031195292912082786,
      0.0,
      0.007300226735996308,
      0.012776176510175848,
      0.0,
      0.0,
      0.0035537968847797873,
      0.0,
      0.0,
      0.0,
      0.0039269442966241176,
      0.0,
      0.01092142445365071,
      0.0,
      0.0,
      0.008202439951234371,
      0.0025956904375311414,
      0.0,
      0.011779238344354417,
      0.0,
      0.0,
      0.0062357479146079794,
      0.004667285875292186,
      0.0,
      0.0,
      0.0008854950395671369,
      0.0,
      0.013811483303029339,
      0.0,
      0.0008156565250342076,
      0.00040127100847079663,
      0.0,
      0.0006708794384881904,
      0.0,
      0.007770792082803747,
      0.007081564494395715,
      0.0,
      0.00045539640455746853,
      0.006147666662632833,
      0.01066318526944243,
      0.0,
      0.0034600183074962308,
      0.0,
      0.006093674302746386,
      0.0,
      0.0,
      0.0,
      0.006832078541366682,
      0.0,
      0.005941856522316664,
      0.0,
      0.01833980921384119,
      0.011843305274739665,
      0.0007268646185052022,
      0.0,
      0.0038257709576675607,
      0.0,
      0.01154561482673077,
      0.0,
      0.0,
      0.016153695734310542,
      0.0,
      0.009735999460724168,
      0.0,
      0.013220722122855594,
      0.0,
      0.0,
      0.0024732230952674954,
      0.0,
      0.0,
      0.0,
      0.007821587323384543,
      0.008858250594547486,
      0.0,
      0.0019546122157230307,
      0.0,
      0.0029385954003404977,
      0.0,
      0.0,
      5.1683874894969866e-05,
      0.00783641917831591,
      0.0,
      0.0,
      0.0,
      0.0,
      0.004322098572055145,
      0.006906911364073727,
      0.008835980674765532,
      0.006607352418949617,
      0.0,
      0.0,
      0.0,
      0.01103359375265329,
      0.0019988720971601337,
      0.0074286816065362955,
      0.0033250277608467215,
      0.010198908132640875,
      0.0,
      1.4886177451742409e-05,
      0.010178944380760164,
      0.0,
      0.013213282864908084,
      0.0,
      0.0,
      0.0,
      0.00615038561126236,
      0.0,
      0.00630320517235928,
      0.0,
      0.0,
      0.0,
      0.004243981327864008,
      0.0,
      0.0006988326554843204,
      0.0,
      0.0,
      0.009256321456426292,
      0.0,
      0.011434495048132797,
      0.003644793533889867,
      0.0,
      0.01942029347871892,
      0.00711811757234779,
      0.0,
      0.0,
      0.0,
      0.003096154001935585,
      0.01836879507174565,
      0.007380709080810688,
      0.003887263504227789,
      0.0,
      0.0,
      0.0,
      0.012356817916725,
      0.006031604046005437,
      0.011572061252646999,
      0.0,
      0.0,
      0.0039501403172458845,
      0.0006202419889578816,
      0.000990499670000938,
      0.0,
      0.009597410532062695,
      0.0,
      0.0,
      0.0,
      0.0,
      0.0,
      0.009121279423209333,
      0.011646581695075158,
      0.0,
      0.0,
      0.0,
      0.0,
      0.02061836000299542,
      0.0,
      0.0,
      0.002366115437983728,
      0.005174074376590863,
      0.005665057070260739,
      0.006650854692547035,
      0.0,
      0.009132101350958646
    ],
    "low_data": false
  },
  "250000": {
    "median": 1.809004081085585e-05,
    "p90": 0.010198461515832412,
    "p10": 0.0,