{
  "100000": {
    "median": 0.0,
    "p90": 0.011568159599943525,
    "p10": 0.0,
    "sample": [
      2.229029999760547e-05,
      1.1619785561880889e-05,
      0.0002327778476207075,
      0.0,
      0.007729150139696937,
      0.027343499982387373,
      0.0,
      0.0,
      0.013551360316258854,
      0.0,
      0.005439623603324991,
      0.0,
      0.0,
      0.003372821937175337,
      0.008998616890631523,
      0.0022075385669821086,
      0.0,
      0.0,
      0.0,
      0.003492196710255202,
      0.0,
      0.00818029494842884,
      0.011567000619099583,
      0.005393161525670164,
      0.005527617365606049,
      0.011079592725680055,
      0.0,
      0.007770059157184294,
      0.01801518641204058,
      0.002040178036605739,
      0.0,
      0.0013774819104547052,
      0.0038882386906131964,
      0.0,
      0.012014770915390079,
      0.0006400978500917752,
      0.003954557898626038,
      0.0,
      0.0,
      0.0,
      0.0020967364625660697,
      0.0,
      0.0,
      0.0,
      0.0,
      0.0,
      0.0,
      0.0,
      0.0,
      0.0,
      0.0013781425059577047,
      0.0,
      0.0,
      0.012407099677337852,
      0.0,
      0.0,
      0.0070909839711360174,
      0.0,
      0.0028591486857548177,
      0.0,
      0.0,
      0.0,
      0.0,
      0.017017658193616798,
      0.0,
      0.0,
      0.0,
      0.0,
      0.008575159876652265,
      0.0,
      0.0,
      0.0,
      0.0016485012929500643,
      0.0,
      0.0,
      0.0,
      0.0,
      0.0,
      0.010864682672746569,
      0.0,
      0.01176522141726583,
      0.0,
      0.01670462870683012,
      0.0,
      0.006407648747963937,
      0.0,
      0.0,
      0.005145121831117596,
      0.0,
      0.016706082008118493,
      0.0,
      0.0,
      0.0,
      0.006975577776625948,
      0.0,
      0.0,
      0.0,
      0.0,
      0.0,
      0.0031381326150995443,
      0.0,
      0.0,
      0.014846181143899385,
      0.0011270504209145234,
      0.008913911677993255,
      0.0,
      0.018950024352664775,
      0.0,
      0.007758964427200111,
      0.0,
      0.002953237505012966,
      0.0,
      0.012522041365045401,
      0.0,
      0.0024017238851804542,
      0.0,
      0.0,
      0.0038002699158565393,
      0.008135648762395883,
      0.0023915149685156496,
      0.0014162567647517436,
      0.0,
      0.004262367012774825,
      0.0,
      0.008391099241431482,
      0.004096760856072622,
      0.0,
      0.02666000218876762,
      0.008099826862592929,
      0.0,
      0.009011886163033205,
      0.0025029685804157185,
      0.0006235894783618225,
      0.003482722190349486,
      0.0,
      0.0,
      0.0,
      0.003873675208095306,
      0.0,
      0.0,
      0.0,
      0.010816215447400652,
      0.0,
      0.0,
      0.0,
      0.0,
      0.0,
      0.0,
      0.012585863485374243,
      0.0,
      0.0,
      0.010207083241228097,
      0.0,
      0.009118892199387548,
      0.004108205289300015,
      0.023447088625870877,
      0.018175645713638992,
      0.0038118264727015267,
      0.011578590427539002,
      0.010499046189267164,
      0.0005035641243950247,
      0.0,
      0.0,
      0.0,
      0.017669343579059707,
      0.0,
      0.006475407298921922,
      0.0025756345598124527,
      0.0,
      0.0024941351894636737,
      0.0031382358153721154,
      0.0,
      0.0,
      0.0029412923410216557,
      0.0,
      0.00444482351600781,
      0.006214588911505288,
      0.0,
      0.0013666371613539926,
      0.0,
      0.011810820337777885,
      0.005570330229410396,
      0.0,
      0.0,
      0.0,
      0.0,
      0.0,
      0.0041888780788329905,
      0.0,
      0.005655758820865901,
      0.0,
      0.0032015136243479835,
      0.0,
      0.0,
      0.0,
      0.012189829946120879,
      0.0,
      0.0,
      0.0,
      0.0
    ],
    "low_data": false
  },
  "250000": {
    "median": 0.0,
    "p90": 0.01159027250860834,
    "p10": 0.0,
    "sample": [
      5.0846600401744415e-05,
      2.6505995580247282e-05,
      0.0002621656796831099,
      0.0,
      0.007748397921894877,
      0.027359029806439984,
      0.0,
      0.0,
      0.013574699758481877,
      0.0,
      0.005472959721633978,
      0.0,
      0.0,
      0.0034065714164458047,
      0.009022068363307635,
      0.0022363610111501816,
      0.0,
      0.0,
      0.0,
      0.0035165035527037146,
      0.0,
      0.008196181697598849,
      0.01158852719978823,
      0.005413170687855781,
      0.005547482355246525,
      0.011100777251740336,
      0.0,
      0.007786055904860088,
      0.018033106329802113,
      0.0020622953595792345,
      0.0,
      0.0014087483833703433,
      0.003922061637947074,
      0.0,
      0.012029922551904337,
      0.0006677162235817039,
      0.0039760812065276,
      0.0,
      0.0,
      0.0,
      0.0021186089918961573,
      0.0,
      0.0,
      0.0,
      0.0,
      0.0,
      0.0,
      0.0,
      0.0,
      0.0,
      0.0014065226169271065,
      0.0,
      0.0,
      0.012445031393616565,
      0.0,
      0.0,
      0.0071212300989173085,
      0.0,
      0.002875042797454293,
      0.0,
      0.0,
      0.0,
      0.0,
      0.017041259455764693,
      0.0,
      0.0,
      0.0,
      0.0,
      0.008596417058090089,
      0.0,
      0.0,
      0.0,
      0.00166555498061331,
      0.0,
      0.0,
      0.0,
      0.0,
      0.0,
      0.01089555754054524,
      0.0,
      0.011792238818275048,
      0.0,
      0.016728246449539092,
      0.0,
      0.006430829231345697,
      0.0,
      0.0,
      0.0051634331368840694,
      0.0,
      0.01672151485920539,
      0.0,
      0.0,
      0.0,
      0.007000102422354092,
      0.0,
      0.0,
      0.0,
      0.0,
      0.0,
      0.003158393904162851,
      0.0,
      0.0,
      0.014864328855748963,
      0.001142358530738351,
      0.008931934011396367,
      0.0,
      0.01897663848582868,
      0.0,
      0.007772038305274727,
      0.0,
      0.0029801351601106323,
      0.0,
      0.012552004993361161,
      0.0,
      0.0024290318142214462,
      0.0,
      0.0,
      0.003820689245450114,
      0.008155488950902007,
      0.0024082621653310305,
      0.0014348929382587193,
      0.0,
      0.0042901259052098555,
      0.0,
      0.008406999755222256,
      0.004110417272538855,
      0.0,
      0.02667680863599278,
      0.008113029531676854,
      0.0,
      0.009032363333008622,
      0.0025168735973033615,
      0.000650661509803633,
      0.003501330962517689,
      0.0,
      0.0,
      0.0,
      0.003893775590866512,
      0.0,
      0.0,
      0.0,
      0.010831055355915142,
      0.0,
      0.0,
      0.0,
      0.0,
      0.0,
      0.0,
      0.01260713070595171,
      0.0,
      0.0,
      0.010239992919856934,
      0.0,
      0.009150999273895118,
      0.004125058748449564,
      0.0234748215966492,
      0.01820945360471542,
      0.0038368988892682004,
      0.011605980287989327,
      0.010515755022532228,
      0.0005297402410577576,
      0.0,
      0.0,
      0.0,
      0.01769390974590669,
      0.0,
      0.006502669884777233,
      0.002592583676120297,
      0.0,
      0.0025132947002807033,
      0.0031656658917302988,
      0.0,
      0.0,
      0.0029594880988122055,
      0.0,
      0.004464709095044915,
      0.0062409174292419566,
      0.0,
      0.0013854794546214171,
      0.0,
      0.011833296259534911,
      0.005587246526009177,
      0.0,
      0.0,
      0.0,
      0.0,
      0.0,
      0.0042108905385297435,
      0.0,
      0.005681852427664276,
      0.0,
      0.003217213284648237,
      0.0,
      0.0,
      0.0,
      0.012211114477891668,
      0.0,
      0.0,
      0.0,
      0.0
    ],
    "low_data": false
  },
  "500000": {
    "median": 0.0,
    "p90": 0.01162437270124738,
    "p10": 0.0,