{
  "100000": {
    "median": 7.699348027601857e-06,
    "p90": 0.010655755657550125,
    "p10": 0.0,
    "sample": [
      1.934842416369535e-05,
      1.5398696055203713e-05,
      0.0,
      0.003826097957262065,
      0.0005073265983551734,
      0.0021761931473935573,
      0.0,
      0.0028949527854145373,
      0.015383346641011883,
      0.0,
      0.010921390490361664,
      0.0,
      0.0053418929700903995,
      0.0,
      0.0,
      0.009951299876076385,
      0.015034902371451405,
      0.0,
      0.0020365659595307384,
      0.00440464775308407,
      0.003416887225229543,
      0.0,
      0.0,
      0.0,
      0.0,
      0.012199553409191587,
      0.0,
      0.004083573016707166,
      0.0,
      0.004553722958547482,
      0.0,
      0.003514694477349073,
      0.0,
      0.013442731134523505,
      0.006313140768760686,
      0.005912284202053246,
      0.004121513283187641,
      0.004980554525358805,
      0.0,
      0.0,
      0.0,
      0.0,
      0.0,
      0.0,
      0.023081057969462672,
      0.0,
      0.016170604809408958,
      0.0,
      0.0,
      0.009757126299281963,
      0.0,
      0.00035659466991296875,
      0.0,
      0.0,
      0.0,
      0.004102611163640493,
      0.0,
      0.0,
      0.009276001372146707,
      0.0,
      0.0,
      0.006631495988731595,
      0.002820847382147755,
      0.0,
      0.0,
      0.0,
      0.0,
      0.0,
      0.0,
      0.01459934997970601,
      0.0026127189692527865,
      0.0,
      0.0,
      0.0,
      0.0,
      0.0,
      0.01510366130556795,
      0.0034938623352828093,
      0.007681585249629485,
      0.0028452919515299397,
      0.0,
      0.006409133628781494,
      0.0,
      0.0026970089257971055,
      0.0,
      0.0,
      0.002289124415477175,
      0.004548958745270874,
      0.0009544228088737832,
      0.006969570445196535,
      0.0,
      0.005952804344681931,
      0.0,
      0.0032418733976316235,
      0.0002546253696085888,
      0.006700018214780385,
      0.0013813812621658718,
      0.0,
      0.00017160065951426432,
      0.0,
      0.00887562550924906,
      0.0,
      0.0019562617541697925,
      0.0,
      0.005487949841446288,
      0.005055649991956769,
      0.0,
      0.0,
      0.0,
      0.0,
      0.01959208709589891,
      0.0065020406689902345,
      0.0,
      0.0026094312091660453,
      0.0,
      0.0,
      0.0011131444614501558,
      0.0,
      0.0,
      0.014842811031400716,
      0.002593365920141874,
      0.010655239890014417,
      0.008220489399052842,
      0.010660397565371503,
      0.011257619260864124,
      0.004565630322287814,
      0.0,
      0.008122675398333536,
      0.0,
      0.006633907195999712,
      0.0002116296737501554,
      0.0020611769192648366,
      0.0,
      0.008218517237551843,
      0.0048076459628585266,
      0.01704460188311161,
      0.003393719152636964,
      0.01264564031231176,
      0.0007382618844668798,
      0.006722013962991821,
      0.001161809858452285,
      0.0,
      0.0,
      0.0,
      0.008103397470987705,
      0.0,
      0.0,
      0.00534088563636662,
      0.0,
      0.0,
      0.0007020624964867234,
      0.0,
      0.004423248708084511,
      0.009042765681315372,
      0.0,
      0.0,
      0.0,
      0.00682853904830328,
      0.0,
      0.0,
      0.0,
      0.0013252520153388986,
      0.0008137625174226964,
      0.0042154216153268784,
      0.0,
      0.0,
      0.0,
      0.0,
      0.01238117264061839,
      0.0,
      0.011966773841926478,
      0.004668299629576586,
      0.0,
      0.01240316418166798,
      0.0015907799620144547,
      0.013593994910231938,
      0.0011364000213188927,
      0.0,
      0.0,
      0.0,
      0.0,
      0.0,
      0.0,
      0.0,
      0.0,
      0.0,
      0.006219855256930143,
      0.0,
      0.013784515667763822,
      0.0,
      0.0047058410712973306,
      0.0014764192755979527,
      0.0,
      0.003953181275983144,
      0.009849047426448638,
      0.0,
      0.0,
      0.0,
      0.0017428524258426578,
      0.0022457057327613154
    ],
    "low_data": false
  },
  "250000": {
    "median": 1.7563050858691263e-05,
    "p90": 0.010683615272241796,
    "p10": 0.0,