{
  "100000": {
    "median": 0.0,
    "p90": 0.009360623571453088,
    "p10": 0.0,
    "sample": [
      2.7655554584096283e-05,
      3.983342682888888e-05,
      0.0,
      0.0,
      0.005490472889884988,
      0.0,
      0.0,
      0.0,
      0.002176595585482033,
      0.0,
      0.005254568589508083,
      0.0,
      0.0,
      0.0,
      0.0,
      0.0,
      0.00047727595680328763,
      0.0,
      0.0020649048286501682,
      0.0,
      0.024244027587958013,
      0.003676100220336859,
      0.0,
      0.0,
      0.0032538352487191096,
      0.0005597884692196954,
      0.0,
      0.004874519025343127,
      0.009395107724067337,
      0.0,
      0.0,
      0.0,
      0.0062010695322592315,
      0.0,
      0.0036858102233902315,
      0.0,
      0.007223917898639602,
      0.0,
      0.0,
      0.003994728768490873,
      0.0,
      0.0,
      0.0,
      0.0,
      0.0016534931922184935,
      0.005280444504229895,
      0.0,
      0.0,
      0.0,
      0.010134266337076592,
      0.0,
      0.005452103356519258,
      0.0,
      0.0,
      0.007295009510635239,
      0.0013091848376015505,
      0.0,
      0.0,
      0.014740484130395222,
      0.004800019428790277,
      0.012422996045562922,
      0.0,
      0.014391266155015963,
      0.0007685512733566434,
      0.0,
      0.003622527046178236,
      0.002278349511099963,
      0.0,
      0.0,
      0.004164275312563443,
      0.0,
      0.009705292261845208,
      0.0,
      0.0,
      0.0013042760154335642,
      0.0056589067781485074,
      0.0,
      0.009356791998940394,
      0.01074898935625823,
      0.004522028426839487,
      0.0,
      0.002129560334092395,
      0.0,
      0.0,
      0.0,
      0.0,
      0.003223197677803273,
      0.0008548929920086202,
      0.0,
      0.01167951681474489,
      0.005286336423015049,
      0.007022793895982831,
      0.011746161547196944,
      0.0,
      0.014767279797413185,
      0.0,
      0.0006622119107057689,
      0.0,
      0.0,
      0.0,
      0.0,
      0.0,
      0.0,
      0.0028081679175555995,
      0.006078821867289827,
      0.005143335831041701,
      0.007747249552027235,
      0.0,
      0.0,
      0.001358578451023034,
      0.0,
      0.0,
      0.0,
      0.005728262725379619,
      0.0025662646333470818,
      0.003177377443541227,
      0.0,
      0.0,
      0.0,
      0.0,
      0.0,
      0.0016526994841806108,
      0.0019637431722734715,
      0.0,
      0.0,
      0.0,
      0.011219119732016258,
      0.0037389052019154577,
      0.0,
      0.0,
      0.010426629040861883,
      0.015501481616125657,
      0.0,
      0.005365594283194033,
      0.0,
      0.0,
      0.0,
      0.0,
      0.0,
      0.00462723875116336,
      0.008749064701072016,
      0.007955966441878732,
      0.0,
      0.0,
      0.0,
      0.0,
      0.002251383401739447,
      0.007479513062715981,
      0.0021173871750366923,
      0.011203824530686959,
      0.0,
      0.004096453918201942,
      0.021191451446950085,
      0.0,
      0.0031097223140717223,
      0.0,
      0.005019929447606794,
      0.0076894845828642715,
      0.0037527615334266833,
      0.004402871957795363,
      0.007128034098241791,
      0.0003859748144871128,
      0.0,
      0.006439153590095851,
      0.009497347681801107,
      0.0,
      0.00090450285662502,
      0.0,
      0.0,
      0.0,
      0.0,
      0.0022410984666576777,
      0.0,
      0.00939753284499736,
      0.0,
      0.0,
      0.0,
      0.0,
      0.0,
      0.0,
      0.008355344018443952,
      0.00034820035373604735,
      0.0,
      0.008819754487761065,
      0.0,
      0.0067153607405852096,
      0.014885667748591812,
      0.00015331390142325855,
      0.008981824769359156,
      0.004306849262000408,
      0.0,
      0.001466240899422151,
      0.005436175013719221,
      0.0008766347623095163,
      0.006382779705739161,
      0.005766068583120425,
      0.0,
      0.005541300613260728,
      0.0,
      0.010845482347268261
    ],
    "low_data": false
  },
  "250000": {
    "median": 0.0,
    "p90": 0.009414726707444324,
    "p10": 0.0,