{
  "100000": {
    "median": 0.00021137187207212157,
    "p90": 0.012009524678457818,
    "p10": 0.0,
    "sample": [
      2.2918932826920905e-05,
      1.052789615087425e-05,
      0.016876358375875457,
      0.0,
      0.0,
      0.0025645834283684545,
      0.0,
      0.04020330806871892,
      0.01563628358384953,
      0.001981564815608557,
      0.0,
      0.00021137187207212157,
      0.0,
      0.0008811326034962922,
      0.0,
      0.0,
      0.01854209881561928,
      0.0,
      0.014939808728350842,
      0.0012497485082089226,
      0.009896577232130737,
      0.0,
      0.0,
      0.0,
      0.0018401636819205883,
      0.0010439108225912663,
      0.0032996024487756083,
      0.006507846137915691,
      0.0,
      0.006791775006650758,
      0.0,
      0.005045389379944821,
      0.0,
      0.0,
      0.004670173051956864,
      0.0010447676378276352,
      0.004608613763357014,
      3.040664114848548e-06,
      0.009296229273835463,
      0.0,
      0.0,
      0.0,
      0.007310993983875652,
      0.0,
      0.0,
      0.010942663439639113,
      0.0,
      0.002417536367533646,
      0.0005463332909764,
      0.0,
      0.0,
      0.0,
      0.011295401317641715,
      0.0,
      0.0,
      0.006116646004503782,
      0.0,
      0.0004881943167677344,
      0.013284244353236828,
      0.008579052525800247,
      0.0,
      0.003526307710257664,
      0.0016475374620109457,
      0.01160827776396977,
      0.004043678843824296,
      0.0017515473823578756,
      0.0,
      0.0003941553936969224,
      0.0,
      0.013100468570388405,
      0.00593547079002351,
      0.0,
      0.0,
      0.0,
      0.0008664044371577006,
      0.011948342349664255,
      0.00485834872611438,
      0.0,
      0.0,
      0.0,
      0.0,
      0.0,
      0.0,
      0.005477029416609876,
      0.0,
      0.002683773688357455,
      0.0,
      0.001320190955687057,
      0.0,
      0.0,
      0.01361098740495528,
      0.01040297541937233,
      0.01631179334521508,
      0.0,
      0.0,
      0.0,
      0.013330695079755346,
      0.0,
      0.0,
      0.005728362727583799,
      0.01028561579596478,
      0.0,
      0.0004472505021478994,
      0.019545125963007937,
      0.0,
      0.0,
      0.006510374684607499,
      0.008513498309728817,
      0.0,
      0.0,
      0.01225425399363207,
      0.0014448183731816451,
      0.0008902241926030505,
      0.0,
      0.00031284452879527325,
      0.0,
      0.006421511253271006,
      0.007942641276768829,
      0.0
    ],
    "low_data": false
  },
  "250000": {
    "median": 0.00035626668902014416,
    "p90": 0.012181085035216708,
    "p10": 0.0,
    "sample": [
      5.228058030668303e-05,
      2.401527699098134e-05,
      0.016913470905114258,
      0.0,
      0.0,
      0.0025988145753754657,
      0.0,
      0.04035580262687723,
      0.015805455787530093,
      0.0021431402372749453,
      0.0,
      0.00035626668902014416,
      0.0,
      0.0009459498391939675,
      0.0,
      0.0,
      0.01862942920005741,
      0.0,
      0.015045100169247974,
      0.0013682656779906897,
      0.010017418713163289,
      0.0,
      0.0,
      0.0,
      0.002031610513963648,
      0.001227217110911048,
      0.003551803443198432,
      0.006630734757252482,
      0.0,
      0.006862433592447723,
      0.0,
      0.00523654512698766,
      0.0,
      0.0,
      0.004808985049880147,
      0.0011942452597676206,
      0.004763606576530615,
      8.668957314633349e-05,
      0.00942670522914636,
      0.0,
      0.0,
      0.0,
      0.007565936419122263,
      0.0,
      0.0,
      0.011085030539041163,
      0.0,
      0.0026578699657556033,
      0.0006596349696389185,
      0.0,
      0.0,
      0.0,
      0.011531881939857514,
      0.0,
      0.0,
      0.006441056972859197,
      0.0,
      0.0006057613029889497,
      0.013473804115375344,
      0.008783605265808818,
      0.0,
      0.0037792743458022592,
      0.0017899933882901575,
      0.011785582085433462,
      0.004181177576782234,
      0.0018535835650446367,
      0.0,
      0.000509033500132348,
      0.0,
      0.013228873241290805,
      0.005970120584892857,
      0.0,
      0.0,
      0.0,
      0.000992585477043463,
      0.012139120547303517,
      0.005015563287720271,
      0.0,
      0.0,
      0.0,
      0.000122978103219818,
      0.0,
      0.0,
      0.0058564290940861866,
      0.0,
      0.0045904211521138345,
      0.0,
      0.0015710450681147565,
      0.0,
      0.0,
      0.013730601775681315,
      0.010521719659190876,
      0.016562531493352385,
      0.0,
      0.0,
      0.0,
      0.01350950785422243,
      0.0,
      0.0,
      0.005971630413135869,
      0.010561080375393862,
      0.0,
      0.0005984170943058342,
      0.01973946611280473,
      0.0,
      0.0,
      0.006518368403412692,
      0.008554689024744535,
      0.0,
      0.0,
      0.012348942986869468,
      0.0017557555819909996,
      0.0010783361569259879,
      0.0,
      0.000583344373438717,
      0.0,
      0.006596826424308766,
      0.00810145839142657,
      0.0
    ],
    "low_data": false
  },
  "500000": {
    "median": 0.0005797081749512994,
    "p90": 0.012445647300786475,
    "p10": 0.0,
    "sample": [
      9.755901248564954e-05,
      4.481409146696076e-05,
      0.01697070192865567,
      0.0,
      0.0,
      0.0026516022355104595,
      0.0,
      0.040590963631176855,
      0.01606633529560934,
      0.0023923047903454788,
      0.0,
      0.0005797081749512994,
      0.0,
      0.0010459041354434592,
      0.0,
      0.0,
      0.01876410089692559,
      0.0,
      0.015207469510715358,
      0.0015510303419185422,
      0.010203767684456865,
      0.0,
      0.0,
      0.0,
      0.0023268396017222456,
      0.0015098927117739107,
      0.003940721184592631,
      0.0068202406090628375,
      0.0,
      0.006971395801978873,
      0.0,
      0.0055313253341972395,
      0.0,
      0.0,
      0.005023046254651725,
      0.0014247538636171773,
      0.005002620125901278,
      0.00021568408740297402,
      0.00962791146927993,
      0.0,
      0.0,
      0.0,
      0.007959081721061148,
      0.0,
      0.0,
      0.011304574045897683,
      0.0,
      0.0030284870619154964,
      0.0008343568539139715,
      0.0,
      0.0,
      0.0,
      0.011896557383291609,
      0.0,
      0.0,
      0.006941329310742076,
      0.0,
      0.000787060694168273,
      0.013766123163200087,
      0.009099044900859393,
      0.0,
      0.004169372778083419,
      0.0020096738745765965,
      0.012059002086813323,
      0.00439321360300389,
      0.00201093299105241,
      0.0,
      0.0006861863848493825,
      0.0,
      0.01342688536533542,
      0.006023553839552297,
      0.0,
      0.0,
      0.0,
      0.001187168552147709,
      0.012433318537691787,
      0.00525800298290852,
      0.0,
      0.0,
      0.0,
      0.0004961139118941061,
      0.0,
      0.0,
      0.006441499212415665,
      0.0,
      0.0075306515304124555,
      0.0,
      0.001957885790325636,
      0.0,
      0.0,
      0.013915058427041953,
      0.010704834486551051,
      0.016949193387680347,
      0.00022754514849528053,
      0.0,
      0.0,
      0.013785254032532796,
      0.0,
      0.0,
      0.006346772148939203,
      0.010985872760970461,
      0.0,
      0.0008315302496717332,
      0.020039156969671307,
      0.0,
      0.0,
      0.006530695472424339,
      0.008618208995738256,
      0.0,
      0.0,
      0.012494962353165223,
      0.0022352501107191797,
      0.0013684225638457294,
      0.00016579674820889703,
      0.0010004806693005583,
      0.0,
      0.006867178967954298,
      0.008346369374703183,
      0.0
    ],
    "low_data": false
  },
  "1000000": {
    "median": 0.0011253773207999646,
    "p90": 0.012989312204226203,
    "p10": 0.0,