{
  "100000": {
    "median": 2.2918932826920905e-05,
    "p90": 0.011991688648557227,
    "p10": 0.0,
    "sample": [
      2.2918932826920905e-05,
      1.052789615087425e-05,
      0.007564386145650054,
      0.0,
      0.0014044160429044286,
      0.016457594603752315,
      0.0,
      0.0,
      0.0026215780572419627,
      0.01646699188350702,
      0.0,
      0.006995737081428738,
      0.0011070784908521,
      0.0,
      0.010907914680128871,
      0.0,
      0.0,
      0.00825241312991995,
      0.0,
      0.0005942994139578793,
      0.0,
      0.0018275532493271219,
      0.0,
      0.004575696236119853,
      0.0,
      0.0,
      0.0,
      0.010475908504982465,
      0.010058391873465898,
      0.007138015909701577,
      0.014749649363723158,
      0.012122190023061858,
      0.0,
      0.012256896009810956,
      0.01522288801949308,
      0.0,
      0.0,
      0.01747801134116757,
      0.0,
      0.0,
      0.0014036566994954076,
      0.0058465497016986214,
      0.0,
      0.0,
      0.019399562134256945,
      0.0,
      0.0,
      0.011280432295332326,
      0.006370487550385366,
      0.0,
      0.0,
      0.0026574540967417818,
      0.0,
      0.0022271056431067892,
      0.0,
      0.011959063304931069,
      0.0,
      0.0,
      0.0041013740958766145,
      0.0008637447014291106,
      0.0,
      0.014044882374434034,
      0.019471119033754765,
      0.009260523215247974,
      0.011089800285791445,
      0.0,
      0.0,
      0.002822878735817584,
      0.0,
      0.0,
      0.011933406935516032,
      0.008636741152432273,
      0.00039301928817163704,
      0.0,
      0.004047250302371357,
      0.0011628475430782068,
      0.0,
      0.0016133146049039837,
      0.0,
      0.0,
      0.00013120834186826675,
      0.0,
      0.005132177219483864,
      0.013827679945399688,
      0.0,
      0.0,
      0.008117594325487702,
      0.003800558971258807,
      0.010949773143240454,
      0.013616847022712084,
      0.0,
      0.002940365834976148,
      0.0029634088227540436,
      5.29896013640483e-05,
      0.0,
      0.0,
      0.0011822353274209868,
      0.0,
      0.0,
      0.0,
      0.0,
      0.010085375938878174,
      0.0,
      0.0,
      0.0063354002998069585,
      0.0,
      0.0,
      0.0,
      0.0,
      0.0,
      0.0,
      0.0006685405044142862,
      0.005604761544521996,
      0.006554550991746474,
      0.003713103867512377,
      0.007176036814830298,
      0.0,
      0.0,
      0.0
    ],
    "low_data": false
  },
  "250000": {
    "median": 0.00010255406518366926,
    "p90": 0.012289448572650125,
    "p10": 0.0,
    "sample": [
      5.228058030668303e-05,
      2.401527699098134e-05,
      0.007601498674888854,
      0.0,
      0.0014822220011226465,
      0.016491825750759328,
      0.0,
      0.0,
      0.002790750260922525,
      0.016628567305173408,
      0.0,
      0.007140631898376761,
      0.0011593849784042297,
      0.0,
      0.010971244421072024,
      0.0,
      0.0,
      0.008355942444361891,
      0.0,
      0.0007128165837396465,
      0.0,
      0.00200256458514409,
      0.0,
      0.004790568416104084,
      0.0,
      0.00010255406518366926,
      0.0,
      0.010598797124319255,
      0.010203316053869317,
      0.007208674495498542,
      0.01489882897016596,
      0.012313345770104697,
      0.0,
      0.012313728704751403,
      0.015361700017416362,
      0.0,
      0.0,
      0.01756166025019906,
      0.0,
      0.0,
      0.0016794909278415792,
      0.0059366719709439695,
      0.0,
      0.0,
      0.01953517982750688,
      0.0,
      0.0,
      0.011520765893554283,
      0.006483789229047884,
      0.0,
      0.0,
      0.002828427853471838,
      0.0,
      0.0024704274400076114,
      0.0,
      0.012283474273286483,
      0.0,
      0.0,
      0.0042909338580151305,
      0.0010682974414376804,
      0.0,
      0.014297849009978629,
      0.019613574960033978,
      0.009437827536711666,
      0.011227299018749384,
      0.0,
      0.0,
      0.0029377568422530097,
      0.0,
      0.0,
      0.011968056730385378,
      0.00881721700478057,
      0.0006695261751335457,
      0.0,
      0.004173431342257119,
      0.0013536257407174702,
      0.0,
      0.0017896601063622192,
      0.0,
      0.0,
      0.000373175246399467,
      0.0,
      0.005385667483220468,
      0.014207079622875997,
      0.0,
      0.0,
      0.008400587352588883,
      0.004051413083686507,
      0.011176214627776798,
      0.01386590591661025,
      0.0,
      0.0030591100747946933,
      0.0032141469708913493,
      0.00041871342431146295,
      0.0,
      0.0,
      0.0013610481018880693,
      0.0,
      5.122825173071359e-05,
      0.0,
      0.0,
      0.010432433316536899,
      0.0,
      0.0,
      0.006499231720369679,
      0.0,
      0.0,
      0.0,
      0.0,
      0.0,
      0.0,
      0.0009794777132236406,
      0.005792873508844934,
      0.0068481534943862195,
      0.003983603712155821,
      0.007402093377846896,
      0.0,
      0.0,
      0.0
    ],
    "low_data": false
  },
  "500000": {
    "median": 0.000554006644899295,
    "p90": 0.012442721263787357,
    "p10": 0.0,
    "sample": [
      9.755901248564954e-05,
      4.481409146696076e-05,
      0.007658729698430266,
      0.0,
      0.0016022061336455678,
      0.01654461341089432,
      0.0,
      0.0,
      0.0030516297690017734,
      0.01687773185824394,
      0.0,
      0.007364073384307916,
      0.0012400465199877352,
      0.0,
      0.011068904859989239,
      0.0,
      7.300486308234119e-05,
      0.008515594420489093,
      1.4602926032575932e-05,
      0.000895581247667499,
      0.0,
      0.002272448586196851,
      0.0,
      0.005121921601761279,
      0.0,
      0.0003852296660465321,
      0.0,
      0.01078830297612961,
      0.01042680282102063,
      0.007317636705029692,
      0.01512887800598594,
      0.012608125977314276,
      0.0,
      0.012401370085405625,
      0.01557576122218794,
      0.0,
      0.0,
      0.0176906547644557,
      0.0,
      0.0,
      0.0021048533469435085,
      0.006075649017741246,
      0.0,
      0.0,
      0.019744315112927003,
      0.0,
      0.0,
      0.011891382989714176,
      0.006658511113322937,
      0.0,
      0.0,
      0.003092085526421588,
      0.0,
      0.0028456526206188794,
      0.000554006644899295,
      0.012783746611169362,
      0.0,
      0.0,
      0.004583252905839873,
      0.0013837370764882553,
      0.0,
      0.01468794744225979,
      0.019833255446320416,
      0.009711247538091525,
      0.01143933504497104,
      0.0,
      0.0,
      0.0031149097269700444,
      0.0,
      0.0,
      0.012021489985044818,
      0.009095527806179773,
      0.001095925897320503,
      0.0,
      0.004368014417361366,
      0.001647823731105741,
      0.0,
      0.0020616015167802164,
      0.0,
      0.0,
      0.0007463110550737552,
      0.0,
      0.0057765733996046655,
      0.014792149741205476,
      0.0,
      0.00044910553794270513,
      0.008836989315167895,
      0.004438253805897386,
      0.011525408773205808,
      0.014249978242378395,
      0.0,
      0.0032422249021548675,
      0.003600808865219311,
      0.0009826940839447699,
      0.0,
      0.0,
      0.001636794280198436,
      0.00032694131934554954,
      0.0004601236684136375,
      0.0,
      0.0,
      0.010967628555406301,
      0.0,
      0.0,
      0.006751875236706625,
      0.0,
      0.0,
      0.0,
      0.0,
      0.0,
      0.0,
      0.0014589722419518208,
      0.006082959915764675,
      0.007300916269789456,
      0.004400740008017662,
      0.0077506939379555296,
      0.0,
      0.0,
      0.0
    ],
    "low_data": false
  },
  "1000000": {
    "median": 0.0013905662788789926,
    "p90": 0.012698024215377234,
    "p10": 0.0,