{
  "100000": {
    "median": 2.2918932826920905e-05,
    "p90": 0.009003346610391377,
    "p10": 0.0,
    "sample": [
      2.2918932826920905e-05,
      1.052789615087425e-05,
      0.011227090117926393,
      0.0,
      0.012946695628709913,
      0.0,
      0.0,
      0.0,
      0.0,
      0.019871605736253115,
      0.009438414884627705,
      0.0,
      0.009003346610391377,
      0.0,
      0.0,
      0.0,
      0.0,
      0.0,
      0.0,
      0.0065625468819326925,
      0.0,
      0.008702250368191321,
      0.011991687245109045,
      0.0,
      0.0,
      0.0,
      0.008517534344522041,
      0.0,
      0.003611463791988376,
      0.008281895983703663,
      0.0,
      0.0035521639167153778,
      0.0,
      0.003806273679334144,
      0.0,
      0.0,
      0.016000326399151714,
      0.002829643525620646,
      0.0,
      0.0011276788711562292,
      0.003292917905134918,
      0.012480941212916399,
      0.0,
      0.0,
      0.0,
      0.0,
      0.0,
      0.007995809920649008,
      0.0033926027999072223,
      0.0,
      0.0,
      0.0,
      0.0,
      0.0,
      0.0,
      0.0,
      0.010082911349737832,
      0.001699239939960371,
      0.0018348429144113467,
      0.008056756255176064,
      0.0025898469563954076,
      0.0,
      0.0,
      0.0074542497342958945,
      0.0,
      0.0,
      0.003374098191976339,
      0.00913772265761078,
      0.0017217618170669163,
      0.0,
      0.011648240524346003,
      0.002515555293773566,
      0.0042450913214145845,
      0.004111136783211834,
      0.0035419829506320452,
      0.0,
      0.00223410101196994,
      0.0,
      0.00472996016363827,
      0.0,
      0.002998657149358678,
      0.004380486015865908,
      0.02079632995640487,
      0.0,
      0.0,
      0.005069824779462132,
      0.004634176037987545,
      0.00044955088335358457,
      0.0,
      0.004608169488893654,
      0.0,
      0.0,
      0.003953226446118273,
      0.002572678917584803,
      0.0005715432990371638,
      0.0,
      0.0002443014196454296,
      0.007092861113275518,
      0.003235571159901484,
      0.0013315687033421532,
      6.354915757029466e-05,
      0.0,
      0.0,
      0.0030174241023724234,
      0.0,
      0.0,
      0.004869507247724494,
      0.0,
      0.0,
      0.008123865540039726,
      0.00499093490442053,
      0.0,
      0.004458832651911463,
      0.0,
      0.0,
      0.0010425895620559673,
      0.005020631766639951,
      0.012633470279442607,
      0.0,
      0.0,
      0.0017663461890596133
    ],
    "low_data": false
  },
  "250000": {
    "median": 0.00015485942581359345,
    "p90": 0.009055653097943508,
    "p10": 0.0,
    "sample": [
      5.228058030668303e-05,
      2.401527699098134e-05,
      0.011264202647165194,
      0.0,
      0.01302450158692813,
      0.0,
      0.0,
      0.0,
      0.0,
      0.0200331811579195,
      0.009582795403088304,
      0.0,
      0.009055653097943508,
      0.0,
      0.0,
      0.0,
      0.0,
      0.0,
      0.0,
      0.0066810640517144596,
      0.0,
      0.00887726170400829,
      0.012225200930466355,
      0.0,
      0.0,
      0.0,
      0.008769735338944864,
      0.0,
      0.003756387972391795,
      0.008352554569500629,
      0.0,
      0.0037433196637582174,
      0.0,
      0.003863106374274591,
      0.0,
      0.0,
      0.016155319212325315,
      0.002913292434652131,
      0.0,
      0.0013208345029724605,
      0.0035687521334810896,
      0.012571063482161747,
      0.00015485942581359345,
      0.0,
      0.0,
      0.0,
      0.0,
      0.008236143518870965,
      0.003505904478569741,
      0.0,
      0.0,
      0.0,
      0.0,
      0.0,
      0.0,
      0.0,
      0.010343822841928614,
      0.0018168069261815863,
      0.002024402676549863,
      0.008261308995184635,
      0.0027688196701327918,
      0.0,
      0.0,
      0.007631554055759588,
      0.0,
      0.0,
      0.0034691181034695873,
      0.009252600764046204,
      0.0018798341824910602,
      0.0,
      0.01168289031921535,
      0.002696031146121862,
      0.004521598208376493,
      0.004326065439968268,
      0.0036681639905178074,
      0.0,
      0.002391315573575832,
      0.0,
      0.005022883008270282,
      0.0,
      0.003240624053889878,
      0.0046183746762457865,
      0.021049820220141475,
      0.0,
      0.0,
      0.0069764722432185105,
      0.004917169065088726,
      0.000700404995781284,
      0.0,
      0.004857228382791822,
      0.0,
      0.0,
      0.004203964594255579,
      0.0029384027405322177,
      0.0007238881173651567,
      0.0,
      0.000423114194112512,
      0.007315766707105196,
      0.0035007270520772656,
      0.0015748363888942233,
      0.0003390137369993775,
      0.0,
      0.0,
      0.0032117642521692167,
      4.371447571926279e-05,
      0.0,
      0.004877500966529687,
      1.3206369913611544e-05,
      0.0,
      0.008247688368912418,
      0.005085623897657929,
      0.0,
      0.004646944616234401,
      0.0,
      0.0,
      0.0012686461250725656,
      0.005195946937677711,
      0.012792287394100349,
      0.0,
      0.0,
      0.0020025848228079216
    ],
    "low_data": false
  },
  "500000": {
    "median": 0.0005480047277524795,
    "p90": 0.00942975364876324,
    "p10": 0.0,
    "sample": [
      9.755901248564954e-05,
      4.481409146696076e-05,
      0.011321433670706607,
      0.0,
      0.013144485719451052,
      0.0,
      0.0,
      0.0,
      0.0,
      0.020282345710990034,
      0.009805443792201624,
      0.0,
      0.009136314639527012,
      0.0,
      0.0,
      0.0,
      0.0,
      0.0,
      0.0,
      0.006863828715642312,
      0.0,
      0.00914714570506105,
      0.01258530107718323,
      0.0,
      0.0,
      0.0,
      0.009158653080339063,
      0.0,
      0.003979874739543108,
      0.008461516779031777,
      0.0,
      0.004038099870967796,
      0.0,
      0.003950747754928814,
      0.0,
      0.0,
      0.016394332761695978,
      0.003042286948908772,
      0.0,
      0.0016186987212934792,
      0.003994114552583019,
      0.012710040528959023,
      0.0005480047277524795,
      0.0,
      0.0,
      0.0,
      0.0,
      0.008606760615030858,
      0.003680626362844794,
      0.0,
      0.0,
      0.0,
      0.0,
      0.0,
      0.0,
      0.0,
      0.010746172993159605,
      0.0019981063173609096,
      0.0023167217243746053,
      0.00857674863023521,
      0.003044812489896371,
      0.0,
      0.0,
      0.007904974057139448,
      0.0,
      0.0,
      0.0036156477769548334,
      0.00942975364876324,
      0.0021235966921444825,
      0.0,
      0.01173632357387479,
      0.002974341947521066,
      0.00494799793056345,
      0.0046575057181396555,
      0.0038627470656220535,
      0.0,
      0.00263375526876408,
      0.0,
      0.005474597686865284,
      0.0,
      0.003613759862564166,
      0.0049852214474489275,
      0.021440726136525673,
      0.0,
      0.0,
      0.009916702621517132,
      0.005353571027667738,
      0.0010872457179921635,
      0.0,
      0.005241300708559965,
      0.0,
      0.0,
      0.004590626488583541,
      0.0035023834001655244,
      0.000958818208710865,
      0.0,
      0.0006988603724228789,
      0.007659508175273355,
      0.003909622468760189,
      0.0019499781246975574,
      0.0007638061225759753,
      0.0,
      0.0,
      0.003511455109035795,
      0.00029635799205620815,
      0.0,
      0.0048898280355413335,
      7.67263409073316e-05,
      0.0,
      0.008438634860017327,
      0.005231643263953683,
      0.0,
      0.004937031023154142,
      0.0,
      0.0,
      0.0016172466851811986,
      0.005466299481323243,
      0.013037198377376961,
      0.0,
      0.0,
      0.0023668870971812242
    ],
    "low_data": false
  },
  "1000000": {
    "median": 0.001213420935730406,
    "p90": 0.009884399247768598,
    "p10": 0.0,