{
  "100000": {
    "median": 0.001343720330618462,
    "p90": 0.010229503347772968,
    "p10": 0.0,
    "sample": [
      2.2918932826920905e-05,
      1.052789615087425e-05,
      0.0027295714194303477,
      0.0,
      0.0,
      0.0,
      0.0,
      0.0007341917101299127,
      0.0,
      0.006630949724368879,
      0.0043708739572148585,
      0.0,
      0.009948416917035165,
      0.005959895185050386,
      0.0,
      0.004387562424747217,
      0.01446275927941596,
      0.006277663041504674,
      0.009152030982908281,
      0.0,
      0.0003952212448760721,
      0.0,
      0.0032476320244244424,
      0.0,
      0.023638117168912304,
      0.0,
      0.003268098462417428,
      0.0,
      0.002717425183484721,
      0.0001467124530247524,
      0.0003854265729011314,
      0.0,
      0.0015040897523983876,
      0.0,
      0.0035953781954298023,
      0.0,
      0.005839514595534969,
      0.01355381633260665,
      0.0,
      0.0,
      0.0013245090312410956,
      0.0,
      0.0,
      0.0,
      0.0,
      0.0,
      0.01450265683078869,
      0.004190878101830003,
      0.0,
      0.006714094791378889,
      0.008320804692743352,
      0.0,
      0.01950951946978434,
      0.004520958369260765,
      0.012345464081334086,
      0.006149040299155251,
      0.0,
      0.002149051397097496,
      0.0017742958186089943,
      0.0,
      0.005696943747115397,
      0.001343720330618462,
      0.014626152227471219,
      0.0038649831384868225,
      0.0,
      0.0029399127247479516,
      0.008891041874582704,
      0.0,
      0.007057025812598668,
      0.01313792887262729,
      0.008202710228789503,
      0.0,
      0.0012398840669024,
      0.014487331482299328,
      0.003849917331125696,
      0.0050076614118065585,
      0.0,
      0.006022231352358526,
      0.006251837642429596,
      0.0,
      0.0,
      0.0060655020708947505,
      0.0,
      0.0,
      0.006967013307592234,
      0.0,
      0.002144966001388624,
      0.004094012227558132,
      0.0,
      0.01162421252090491,
      0.004487465525169921,
      0.007686091456592343,
      0.0,
      0.0076991586747179154,
      0.0,
      0.0,
      0.0004066596699080975,
      0.0018421154172244038,
      0.0,
      0.0025684238834072846,
      0.0,
      0.0,
      0.0048922651038186184,
      0.00234031319291843,
      0.0,
      0.0,
      0.01297990553719855,
      0.0,
      0.0035242464130520934,
      0.0,
      0.0,
      0.007240404748014593,
      0.0,
      0.0,
      0.009590082970739012,
      0.0,
      0.005523661719027046,
      0.0020138162767193196,
      0.01135384907072416
    ],
    "low_data": false
  },
  "250000": {
    "median": 0.0016003432595872672,
    "p90": 0.010333295797624216,
    "p10": 0.0,
    "sample": [
      5.228058030668303e-05,
      2.401527699098134e-05,
      0.002766683948669148,
      0.0,
      0.0,
      0.0,
      0.0,
      0.0008866862682882194,
      0.0,
      0.006792525146035267,
      0.004515254475675456,
      0.0,
      0.010000723404587296,
      0.006024712420748062,
      0.0,
      0.00449733433915796,
      0.014550089663854088,
      0.006381192355946615,
      0.009257322423805413,
      0.0,
      0.0005160627259086247,
      0.0,
      0.0034811457097817526,
      0.0,
      0.023829564000955365,
      0.0,
      0.0035202994568402516,
      0.0,
      0.0028623493638881402,
      0.00021737103882171792,
      0.0005346061793439342,
      0.0,
      0.001606515834457192,
      0.0,
      0.0037341901933530862,
      0.0,
      0.00599450740870857,
      0.013637465241638135,
      0.0,
      0.0,
      0.0016003432595872672,
      0.0,
      0.0,
      0.0,
      0.0,
      0.0,
      0.014691433151092982,
      0.00443121170005196,
      0.0,
      0.006997879392086546,
      0.008432954605836773,
      0.0,
      0.019746000092000136,
      0.004764280166161586,
      0.012715948698679907,
      0.006473451267510666,
      0.0,
      0.002266618383318711,
      0.0019638555807475104,
      0.0,
      0.005875916460852781,
      0.0015966869661630568,
      0.014768608153750432,
      0.004042287459950516,
      0.0,
      0.003041948907434713,
      0.008986061786075951,
      0.0,
      0.007215098178022811,
      0.01326633354352969,
      0.00823736002365885,
      0.0,
      0.0015163909538643086,
      0.014702260139055762,
      0.003976098371011458,
      0.005198439609445822,
      0.0,
      0.006198576853816762,
      0.006544760487061608,
      0.0,
      0.0,
      0.006303390731274629,
      0.0,
      0.0,
      0.007368963448412798,
      1.3537441371364034e-06,
      0.0024279590284898055,
      0.004344866339985831,
      0.0,
      0.011873271414803079,
      0.004607079895895955,
      0.007804835696410889,
      0.0,
      0.00806488249766533,
      0.0,
      0.0,
      0.00058547244437518,
      0.002065021011054082,
      0.0,
      0.002811691568959355,
      0.00026723330353751844,
      0.0,
      0.005043431695976553,
      0.002534653342715224,
      0.0,
      0.0,
      0.012987899256003743,
      0.0,
      0.0036227379332661215,
      0.0,
      0.0,
      0.007551341956823947,
      0.0,
      0.0,
      0.009860582815382456,
      0.0,
      0.005698976890064806,
      0.0021726333913770625,
      0.011663585369771873
    ],
    "low_data": false
  },
  "500000": {
    "median": 0.0020257056786891965,
    "p90": 0.010650420885451579,
    "p10": 0.0,
    "sample": [
      9.755901248564954e-05,
      4.481409146696076e-05,
      0.0028239149722105606,
      0.0,
      0.0,
      0.0,
      0.0,
      0.001121847272587842,
      0.0,
      0.0070416896991058004,
      0.004737902864788777,
      0.0,
      0.0100813849461708,
      0.006124666716997553,
      0.0,
      0.004666612993743947,
      0.01468476136072227,
      0.006540844332073816,
      0.009419691765272797,
      0.0,
      0.0007024116972022009,
      0.0,
      0.0038412458564986277,
      0.0,
      0.024124793088713962,
      0.0,
      0.00390921719823445,
      0.0,
      0.0030858361310394525,
      0.00032633324835286745,
      0.0007646552151639122,
      0.0,
      0.0017644665221034966,
      0.0,
      0.003948251398124664,
      0.0,
      0.006233520958079233,
      0.013766459755894776,
      0.0,
      0.0,
      0.0020257056786891965,
      0.0,
      0.0,
      0.0,
      0.0,
      0.0,
      0.014982544057651757,
      0.0048018287962118536,
      0.0,
      0.007435502035891981,
      0.0086059003588766,
      0.0,
      0.02011067553543423,
      0.005139505346772855,
      0.013287270952698708,
      0.006973723605393545,
      0.0,
      0.0024479177744980343,
      0.002256174628572253,
      0.0,
      0.0061519092806163606,
      0.001986785398444217,
      0.01498828864003687,
      0.004315707461330376,
      0.0,
      0.003199298333442486,
      0.009132591459561197,
      0.0,
      0.007458860687676234,
      0.013464345667574304,
      0.00829079327831829,
      0.0,
      0.001942790676051266,
      0.01503370041722715,
      0.004170681446115704,
      0.005492637599834093,
      0.0,
      0.006470518264234759,
      0.00699647516565661,
      0.0,
      0.0,
      0.00667023750247777,
      0.0,
      0.0,
      0.007988808510002558,
      0.0029415841224357574,
      0.0028643609910688167,
      0.004731707062196711,
      0.0,
      0.012257343740571221,
      0.004791536547256594,
      0.007987950523771064,
      0.0,
      0.008628863157298636,
      0.0,
      0.0,
      0.0008612186226855468,
      0.00240876247922224,
      0.0,
      0.003186833304762689,
      0.0006920256891141163,
      0.0,
      0.0052765448513424525,
      0.0028343441995818015,
      0.00018122604370669575,
      0.0,
      0.013000226325015388,
      0.0,
      0.003774621155121707,
      0.0,
      0.0,
      0.008030836485552128,
      0.0,
      0.0,
      0.010277719111244298,
      0.0,
      0.005969329433710338,
      0.0024175443746536737,
      0.012141227982280674
    ],