{
  "100000": {
    "median": 0.0009907726535897878,
    "p90": 0.017095296346121565,
    "p10": 0.0,
    "sample": [
      1.8446338906850974e-05,
      4.87010092956857e-05,
      0.0010694969184534618,
      0.0,
      0.003406227833753153,
      0.0,
      0.007289002527896974,
      0.0,
      0.004337066188254212,
      0.0,
      0.0,
      0.010996131025966454,
      0.024569624009729986,
      0.017777312833264322,
      0.009478852805267626,
      0.012738612107382568,
      0.008317198722011523,
      0.016221236254142145,
      0.03324600477074478,
      0.004469598836576815,
      0.002395445536461631,
      0.0031882936536137114,
      0.0,
      0.014898627836922498,
      0.005108605961021465,
      0.0,
      0.0,
      0.0,
      0.0,
      0.009546352723303331,
      0.004947148744573062,
      0.0024400571726085887,
      0.0,
      0.007781183051419107,
      0.0,
      0.005526913704641557,
      0.0,
      0.0,
      0.0005827502612097339,
      0.0,
      0.007592231668363433,
      0.0,
      0.0,
      0.016925599798762767,
      0.011772123682505756,
      0.009749774784956223,
      0.0,
      0.02396872255880356,
      0.010877733891747787,
      0.0,
      0.0014271781544608249,
      0.0,
      0.0,
      0.0,
      0.018320906614759314,
      0.0,
      0.0058022907393545185,
      0.017420000399758214,
      0.0,
      0.011410551575432673,
      0.011182396378228219,
      0.006649709536176206,
      0.01516209091573665,
      0.024790151728861662,
      0.006946201673276413,
      0.0,
      0.007687702958465148,
      0.00011791955447996663,
      0.0,
      0.0,
      0.020144698603391076,
      0.0,
      0.004386649601317647,
      0.0061311333525705235,
      0.019030964585656385,
      0.0,
      0.0,
      0.005187315011348956,
      0.0,
      0.011438968149817402,
      0.0,
      0.02192755313990291,
      0.0,
      0.0,
      0.002271166059388569,
      0.0,
      0.022521242393814325,
      0.009440940006361651,
      0.0014243414800042921,
      0.0,
      0.0005842382306212768,
      0.0,
      0.0008766846325846246,
      0.0,
      0.0,
      0.013910864257310567,
      0.0,
      0.010542575545183189,
      0.0010991515540859946,
      0.007108406636003467,
      0.0,
      0.0,
      0.0,
      0.0019408710361046746,
      0.0012870251695854106,
      0.005565030001046309,
      0.011923151664733213,
      0.0,
      0.0089832953012158,
      0.0,
      0.006948048078681426,
      0.0,
      0.0,
      0.0064850898651390345,
      0.0018232652095799854,
      0.006266253500303682,
      0.00030491704070441627,
      0.013444216290990907,
      0.0,
      0.0,
      0.0,
      0.01145574682680679,
      0.0,
      0.0,
      0.016956137465991564,
      0.0,
      0.002807686481468112,
      0.0009120483887261137,
      0.0,
      0.0,
      0.0,
      0.015212222340932089,
      0.0,
      0.0,
      0.008703633389560875,
      0.0,
      0.0008173766494797344,
      0.021479762729344192,
      0.01355195903661323,
      0.0,
      0.005637613176115747,
      0.002633600782887878,
      0.01820740058161631,
      0.005499233667913902,
      0.002890509477523327,
      0.0,
      0.000563339704924948,
      0.0,
      0.020579786014357112,
      0.010630946137801078,
      0.0,
      0.0,
      0.0,
      0.0017576793582834524,
      0.021728801903864704,
      0.008212393393575386,
      0.0,
      0.0,
      0.0,
      7.636455340143296e-05,
      0.0,
      0.0,
      0.009081743395251826,
      0.0,
      0.009696592736314751,
      0.0,
      0.0035819676601720907,
      0.0,
      0.0,
      0.017751558997337276,
      0.013127547271244057,
      0.02105215451570143,
      0.0,
      0.0,
      0.0,
      0.018375048940382152,
      0.0,
      0.0,
      0.010384521360922853,
      0.01833763555289609,
      0.0,
      0.001370182041854762,
      0.03574414013882497,
      0.0,
      0.0,
      0.00871160668004841,
      0.011501954935654472,
      0.0,
      0.0,
      0.01650235266331149,
      0.0019335383804344806,
      0.0015310621535569906,
      0.0,
      0.00025630239483561356,
      0.0,
      0.008597715569107791,
      0.01090891316093347,
      0.0
    ],
    "low_data": false
  },
  "250000": {
    "median": 0.0013357456252981771,
    "p90": 0.017750445495921183,
    "p10": 0.0,