{
  "100000": {
    "median": 0.0006270901748316608,
    "p90": 0.011881315202020296,
    "p10": 0.0,
    "sample": [
      1.8446338906850974e-05,
      4.87010092956857e-05,
      0.00035524390385324907,
      0.0,
      0.007938708901784402,
      0.0,
      0.0,
      0.0,
      0.0,
      0.005872719914250831,
      0.0,
      0.0005231932476989936,
      0.0,
      0.0,
      0.011607386072600362,
      0.0009037202201855176,
      0.0,
      0.0,
      0.0,
      0.0,
      0.0014663447371532489,
      0.00790420483138653,
      0.004187224294768726,
      0.0,
      0.007334930236530105,
      0.0,
      0.0034185728763814725,
      0.0,
      0.007645927123644562,
      0.0033881555813031093,
      0.009253103078071256,
      0.0,
      0.010946682177678321,
      0.005006304294974063,
      0.0,
      0.0016392980341194247,
      0.0,
      0.0,
      0.004972026360323789,
      0.0,
      0.0,
      0.010030621216535288,
      0.0,
      0.014308401986333683,
      0.0019234995961130703,
      0.0,
      0.007526725493844186,
      0.0,
      0.0,
      0.002469181131677696,
      0.0,
      0.014844437574560403,
      0.0,
      0.0,
      0.015176988720514463,
      0.0228584655906896,
      0.0,
      0.003232376084184875,
      0.0,
      0.004800384286272434,
      0.0,
      0.0,
      0.0013018824121184365,
      0.00969185262838458,
      0.001403909301358688,
      0.0,
      0.0,
      0.0070039978657475644,
      0.009524557958065685,
      0.0,
      0.0,
      0.0002274080960538007,
      0.01719253700691861,
      0.02001433216370667,
      0.015243794195489423,
      0.0,
      0.006251414802244188,
      0.004879609332481085,
      0.013239963158268472,
      0.01049835505088697,
      0.004016546538425236,
      0.014801456541359805,
      0.0,
      0.008559360258184708,
      0.0,
      0.0,
      0.0,
      0.0,
      0.013257815310714608,
      0.006867844562454247,
      0.0,
      0.006260169187431613,
      0.0,
      0.0,
      0.0,
      0.0,
      0.0,
      0.0,
      0.004947356497468809,
      0.0,
      0.006819148464559951,
      0.009659957143505647,
      0.0,
      0.0,
      0.0,
      0.014737103065544377,
      0.0,
      0.0066877652868542825,
      0.010920813474645494,
      0.0,
      0.0050416842170961755,
      0.0,
      0.00609836785365064,
      0.0,
      0.0,
      0.02107819384285914,
      0.004225718284531427,
      0.0,
      0.0018705587916794152,
      0.005399123555741534,
      0.018735609156519232,
      0.00014537692061401965,
      0.0,
      0.0,
      0.0,
      0.0,
      0.00910387322634748,
      0.004083654432698359,
      0.0,
      0.0,
      0.0,
      0.0,
      0.0,
      0.0,
      0.0,
      0.01639127846532133,
      0.002651899692527109,
      0.003264191142982916,
      0.012738074183395563,
      0.004193678759798797,
      0.0,
      0.0,
      0.011786119759645273,
      0.0,
      0.0,
      0.005505855560827683,
      0.013964329756513216,
      0.0026848536207856825,
      0.0,
      0.02073455078471988,
      0.004339278144829896,
      0.00822563416107592,
      0.007626477337263333,
      0.00634935738370807,
      0.0,
      0.003883436534571778,
      0.0,
      0.007058919637568685,
      0.0,
      0.004780593503439283,
      0.0068761989014501715,
      0.03443843620149371,
      0.0,
      0.0,
      0.013119423585299772,
      0.006421844351441341,
      0.002370566125823631,
      0.0,
      0.007000648120740562,
      0.0,
      0.0,
      0.005665537680823784,
      0.0037095283463273133,
      0.001280623803908705,
      0.0,
      0.0005964840392953068,
      0.010419693915542377,
      0.0047106354110690255,
      0.002600441537752629,
      0.000813727358609135,
      0.0,
      0.0,
      0.005770302278794099,
      0.0006576963103680149,
      0.0,
      0.006554516803286566,
      0.0007047012833188345,
      0.0,
      0.011351924546235258,
      0.006901744049465121,
      0.0,
      0.006340420771207436,
      0.0,
      0.0,
      0.001827338527887602,
      0.006742386121258997,
      0.01690082668723061,
      0.0,
      0.0,
      0.0027285288061907626
    ],
    "low_data": false
  },
  "250000": {
    "median": 0.0014295608861738494,
    "p90": 0.012487015079902691,
    "p10": 0.0,