{
  "100000": {
    "median": 3.3573674101268334e-05,
    "p90": 0.014866263599010752,
    "p10": 0.0,
    "sample": [
      1.8446338906850974e-05,
      4.87010092956857e-05,
      0.00224416319269117,
      0.0,
      0.0,
      0.010339152860083859,
      0.0,
      0.0027382037136627945,
      0.0019150562612143453,
      0.0,
      0.0,
      0.00018029441416637942,
      0.012135065945747021,
      0.0,
      0.0,
      0.00915765662398259,
      0.0,
      0.0,
      0.0,
      0.0,
      0.01332692636384779,
      0.0,
      0.0015755636459029829,
      0.0,
      0.0,
      0.0,
      0.0,
      0.0,
      0.0,
      0.0,
      0.01326185860623135,
      0.0,
      0.0,
      0.004122820807237096,
      0.004642066923701047,
      0.0,
      0.0,
      0.001251779805370452,
      0.0007517579857777344,
      0.009348499664379903,
      0.0042956699289444285,
      0.0020339097926997942,
      0.0,
      0.0,
      0.0,
      0.013489392909391433,
      0.0,
      0.010191910772785622,
      0.01640600798676761,
      6.266049291030694e-05,
      0.0,
      0.0,
      0.008839239118610691,
      0.0,
      0.0016789787045912482,
      0.014313987223489828,
      0.012159227819712869,
      0.0,
      0.012864972261772644,
      0.00016445335896360925,
      0.0034546930344121433,
      0.0,
      0.00902334268291435,
      0.0069617754969944325,
      0.0,
      0.010351206789123065,
      0.0,
      0.0,
      0.0,
      0.003990087044605632,
      0.02609937059489116,
      0.0,
      0.0,
      0.007517265906714561,
      0.017064925971815758,
      0.0,
      0.0,
      0.007443889099145966,
      0.0,
      0.0,
      0.004574624035049213,
      0.010181250679904663,
      0.0,
      0.0013020876734180873,
      0.01230809628740259,
      0.0,
      0.0,
      0.0019289908030801915,
      0.01100581325499806,
      0.0,
      0.005328579916042123,
      0.001070646708037745,
      0.0,
      0.008262808352001579,
      0.0,
      0.00025148434581236524,
      0.0059467532648943815,
      0.0,
      0.0006243918761905285,
      0.0,
      0.00152504401562256,
      0.0,
      0.003874432880450953,
      0.0,
      0.00015563028158322923,
      0.0,
      0.019204316642695382,
      0.018634956283068747,
      0.009433492333789923,
      0.019644874610751126,
      0.01598282369287721,
      0.0,
      0.018070550345175393,
      0.02080194618892528,
      0.0,
      0.0,
      0.024544575076686462,
      0.0,
      0.0,
      0.0026736611135345025,
      0.008989335628393543,
      0.0,
      0.0,
      0.03160976258409196,
      0.0,
      0.0,
      0.012811220250565317,
      0.0074019197070282925,
      0.0,
      0.0,
      0.003992549193808409,
      0.0,
      0.0029525136469949493,
      0.0,
      0.0168806157558488,
      0.0,
      0.0,
      0.00687015790109633,
      0.0015293340834173959,
      0.0,
      0.02187318757110084,
      0.02951671010705374,
      0.014578250477016245,
      0.015270229168125538,
      0.0,
      0.0,
      0.004285767446762912,
      0.0,
      0.0,
      0.02123889610424716,
      0.014748000652933656,
      0.001284534343088685,
      0.0,
      0.00721646892024573,
      0.00266497498829431,
      0.0,
      0.002851847578527718,
      0.0,
      0.0,
      0.00045388806401991947,
      0.0,
      0.008823607307277593,
      0.02273356476779482,
      0.0,
      0.0,
      0.011107539951683924,
      0.007033131597250322,
      0.01514221047319063,
      0.01866025000378867,
      0.0,
      0.0042926137456026124,
      0.004433198637675691,
      0.0006052082189528437,
      0.0,
      0.0,
      0.001870717360209916,
      0.0,
      0.0,
      0.0,
      0.0,
      0.01837095768857107,
      0.0,
      0.0,
      0.012479459399694045,
      0.0,
      0.0,
      0.0,
      0.0,
      0.0,
      0.0,
      0.0008261492203721856,
      0.00788477147757749,
      0.009335853569379911,
      0.005188109086146562,
      0.011804492576500639,
      0.0,
      0.0,
      0.0
    ],
    "low_data": false
  },
  "250000": {
    "median": 0.00031374024995962696,
    "p90": 0.015229491224988019,
    "p10": 0.0,