{
  "100000": {
    "median": 0.002830952349507467,
    "p90": 0.015692842931245076,
    "p10": 0.0,
    "sample": [
      1.8446338906850974e-05,
      4.87010092956857e-05,
      0.011303390290609703,
      0.0,
      0.00997359875113604,
      0.0,
      0.0,
      0.007854778747815167,
      0.0,
      0.0128955345724566,
      0.0,
      0.013634330598387224,
      0.0,
      0.014315258901012444,
      0.0,
      0.012104998889599625,
      0.0,
      0.0,
      0.0038506625128082793,
      0.0,
      0.0071524044368123565,
      0.012262638404710704,
      0.015770444010539328,
      0.01800205030424979,
      0.005167979878769037,
      0.0,
      0.0,
      0.006245882800510507,
      0.0,
      0.0028784773891072134,
      0.018233209359070437,
      0.028633635567294938,
      0.01053273174944195,
      0.005413805799279108,
      0.002056926430515208,
      0.0,
      0.0037043814660919815,
      0.003765219497843173,
      0.0,
      0.014501578130796382,
      0.0159978970916924,
      0.01903520076570267,
      0.0,
      0.0,
      0.002106849188552413,
      0.015421729348834755,
      0.008382971611539867,
      0.015659585325833253,
      0.0044554226687548385,
      0.010881112243784475,
      0.008426469829467273,
      0.0028513934503076816,
      0.0,
      0.006730048964536999,
      0.030239841646011574,
      0.023365373547262692,
      0.0,
      0.0,
      0.0,
      0.0365163054649233,
      0.0,
      0.0,
      0.0,
      0.0,
      0.020887756993737898,
      0.0,
      0.0033868471787860286,
      0.0,
      0.0,
      0.0,
      0.00855273908342549,
      0.0012229746047292848,
      0.0,
      0.0,
      0.02727041870863272,
      0.0,
      0.009604900200750244,
      0.0,
      0.0,
      0.0005166856896047359,
      0.004128253825952412,
      0.00408252156987857,
      0.0,
      0.0,
      0.0,
      0.0,
      0.0010589165119942975,
      0.0,
      0.00449970474444631,
      0.003413229314233982,
      0.0,
      0.006881280771624091,
      0.004543104746996359,
      0.0,
      0.003264038943934934,
      0.010929698871818798,
      0.004590868533886221,
      0.006500188355712643,
      0.0,
      0.00047406487435254225,
      0.0,
      0.0029026308043626583,
      0.0,
      0.020589371075936964,
      0.0,
      0.005509652339843844,
      0.0,
      0.005030968456054983,
      0.00034310456536628856,
      0.0007134913473456119,
      0.0,
      0.002520435468740045,
      0.0,
      0.005026916912891182,
      0.0,
      0.007866717827022529,
      0.01910129583851682,
      0.0,
      0.0,
      0.002559482091294764,
      0.0,
      0.0,
      0.0,
      0.0,
      0.0,
      0.015188643733296493,
      0.004809253922595574,
      0.0,
      0.010118708750434134,
      0.011383676785927863,
      0.0,
      0.026198321408041556,
      0.005949007166052892,
      0.017727821694742848,
      0.008748972084575698,
      0.0,
      0.0033332856513561037,
      0.003167862966892065,
      0.0,
      0.009018566454490982,
      0.0022687575177181797,
      0.02220910070200799,
      0.0062378450267904974,
      0.0,
      0.0048553426145102035,
      0.014474971413081173,
      0.0,
      0.011033982700338198,
      0.0206384925386228,
      0.014640785846824524,
      0.0,
      0.0028105112487072526,
      0.02616403138386462,
      0.0068778171246817645,
      0.00946084920922147,
      0.0,
      0.009653116455577123,
      0.009343906385395947,
      0.0,
      0.0,
      0.009538994233142877,
      0.0,
      0.0,
      0.01258120378604549,
      0.0031134975332601554,
      0.003073500984690064,
      0.0074414400776856154,
      0.0,
      0.01608125603910517,
      0.0063825493583856965,
      0.009911046536938972,
      0.0,
      0.010025479360683176,
      0.0,
      0.0,
      0.0008170563959347369,
      0.0028045188267499044,
      0.0,
      0.004790168734033824,
      0.0006906726211838164,
      0.0,
      0.00878061193814558,
      0.004542326799543068,
      0.00044685919758230466,
      0.0,
      0.017216473798401497,
      0.0,
      0.005176001853569451,
      0.0,
      0.0,
      0.010201157213734139,
      0.0,
      0.0,
      0.013712201509321337,
      0.0,
      0.00740860066199597,
      0.003335623515841746,
      0.015606460128230928
    ],
    "low_data": false
  },
  "250000": {
    "median": 0.0034281822457567163,
    "p90": 0.0162975029353955,
    "p10": 0.0,