{
  "100000": {
    "median": 0.00042355329272360004,
    "p90": 0.011698180598109401,
    "p10": 0.0,
    "sample": [
      5.431920107079363e-05,
      6.167504918708187e-05,
      0.0062888202417370875,
      0.0017522197863783534,
      0.0,
      0.01396254638112651,
      0.0,
      0.0,
      0.0,
      0.0,
      0.016132557990847868,
      0.022630107871725706,
      0.0,
      0.007155587670407255,
      0.0,
      0.011822734783029603,
      0.02335971620532063,
      0.0,
      0.0006551636635531827,
      0.0,
      0.008852749211106237,
      0.0,
      0.0,
      0.0,
      0.0,
      0.007037144199902921,
      0.0,
      0.0006267109471866006,
      0.0,
      0.0,
      0.009775204259888209,
      0.0003987552679026161,
      0.0,
      0.0,
      0.0,
      0.0,
      0.0017530049177523356,
      0.0115736264131892,
      0.00628348614415229,
      0.0,
      0.011842946833899344,
      0.0,
      0.005673288300525742,
      0.0,
      0.012660150221248728,
      0.005215658475297265,
      0.01646170429067483,
      0.0,
      0.017738588728951902,
      0.009040829207751086,
      0.0,
      0.0027172463781105355,
      0.0,
      0.0,
      0.006082812793760666,
      0.0,
      0.0,
      0.009496898584054878,
      0.0,
      0.012783349515283829,
      0.0016241592101073502,
      0.0,
      0.004915161816690964,
      0.0,
      0.0,
      0.0015603552448249195,
      0.0,
      0.013276264064437186,
      0.0,
      0.0,
      0.014231559940557411,
      0.022072055228255432,
      0.0,
      0.0029550959957615162,
      0.0,
      0.004445802806669061,
      0.0,
      0.0,
      0.0012143755535665185,
      0.009969714164698376,
      0.0009041939371394317,
      0.0,
      0.0,
      0.006721872445095129,
      0.00917031463823043,
      0.0,
      0.0,
      0.00014770458010706028,
      0.012660215999510145,
      0.015565546109433167,
      0.011379611407380944,
      0.0,
      0.004859716119900874,
      0.0038904809882295806,
      0.011896122593081197,
      0.007383873321643119,
      0.0028038138601060502,
      0.01087578378222862,
      0.0,
      0.006100334968674471,
      0.0,
      0.0,
      0.0,
      0.0,
      0.010259633827902327,
      0.005628569915996061,
      0.0,
      0.004882719944730669,
      0.0,
      0.0,
      0.0,
      0.0,
      0.0,
      0.0,
      0.004714033277127346,
      0.0,
      0.008144554828517241,
      0.011847921316811769,
      0.0,
      0.0,
      0.0,
      0.011068213018441395,
      0.0,
      0.0052338797482739206,
      0.008746943749481807,
      0.0,
      0.003932125232371785,
      0.0,
      0.004648685797165673,
      0.0,
      0.0,
      0.016740386623648684,
      0.0035587938829849,
      0.0,
      0.0015360456467192521,
      0.003696771918993125,
      0.009786599578417614,
      1.1567842562660408e-05,
      0.0,
      0.0,
      0.0,
      0.0,
      0.007309001069809895,
      0.0032589710592640887,
      0.0,
      0.0,
      0.0,
      0.0,
      0.0,
      0.0,
      0.0,
      0.012805827911366075,
      0.0022014888262484847,
      0.002291496185270585,
      0.009006613903125004,
      0.003182834900653068,
      0.0,
      0.0,
      0.007111511847492482,
      0.0,
      0.0,
      0.003291441037869355,
      0.00829730949239964,
      0.0018866974419387615,
      0.0,
      0.012133460226114579,
      0.002684982178970967,
      0.004474639777694405,
      0.00407745036579034,
      0.003338000004284205,
      0.0,
      0.002212921859283522,
      0.0,
      0.004318910039337887,
      0.0,
      0.0027732766937036486,
      0.004405967985481468,
      0.021428697455957036,
      0.0,
      0.0,
      0.004469199604028493,
      0.005897863381610498,
      0.0004235947664134028,
      0.0,
      0.005398462764606743,
      0.0,
      0.0,
      0.003499310440281727,
      0.0025518766506051034,
      0.0009494714393899371,
      0.0,
      0.00045899560750278215,
      0.0077052187273132415,
      0.00372814707524717,
      0.0018610167977976002,
      0.0004235118190337972,
      0.0,
      0.0,
      0.0030452165040693764,
      7.543584276259785e-05,
      0.0,
      0.002853839449504301,
      0.00046413439141636953,
      0.0,
      0.004298276823155838,
      0.0030993967221433437,
      0.0,
      0.0030194481468202488,
      0.0,
      0.0,
      0.0005253125289064394,
      0.0022786580208726086,
      0.006447071210508563,
      0.0,
      0.0,
      0.0184649738563012
    ],
    "low_data": false
  },
  "250000": {
    "median": 0.000662260549184837,
    "p90": 0.01183117943899359,
    "p10": 0.0,