{
  "100000": {
    "median": 0.0008431423174108774,
    "p90": 0.014815453180316853,
    "p10": 0.0,
    "sample": [
      5.431920107079363e-05,
      6.167504918708187e-05,
      0.014872410808275175,
      0.0,
      0.0033754935464801817,
      0.0,
      0.016728141286347864,
      0.0,
      0.0,
      0.0,
      0.038107373390870634,
      0.0,
      0.01824479181674319,
      0.0028889583022896695,
      0.0,
      0.0,
      0.019786424706575233,
      0.025123474568649225,
      0.0020010720637925125,
      0.0,
      0.0038023909953412787,
      0.0,
      0.007317139580003209,
      0.0,
      0.0044779005894576345,
      0.0,
      0.0,
      0.010979933195347147,
      0.025711944822489775,
      0.017594866382028805,
      0.007994445675048974,
      0.010334836927831081,
      0.0071527047894758364,
      0.015737492912622882,
      0.033082381507051825,
      0.004408628745719512,
      0.002946929500550818,
      0.0045006158173676435,
      0.0,
      0.02325632182391469,
      0.008057375128067434,
      0.0,
      0.0,
      0.0,
      0.0,
      0.015316809794441683,
      0.008675278776189493,
      0.004456184752853617,
      0.0,
      0.014184106899358968,
      0.0,
      0.009841406260817531,
      0.0,
      0.0,
      0.0004765072231981436,
      0.0,
      0.007173809057184258,
      0.0,
      0.0,
      0.015093556759656145,
      0.009964971792932141,
      0.008125905554653406,
      0.0,
      0.016113909386762798,
      0.0068208049452035055,
      0.0,
      0.0009190479448272168,
      0.0,
      0.0,
      0.0,
      0.0172073388595021,
      0.0,
      0.005790583744650474,
      0.015645257235069966,
      0.0,
      0.011010826439505095,
      0.011113136921159084,
      0.006494202321945821,
      0.014682552048414092,
      0.02571278274869683,
      0.007034202843536346,
      0.0,
      0.007253404768744032,
      0.00014894470832407645,
      0.0,
      0.0,
      0.017470727941319413,
      0.0,
      0.00276914748543159,
      0.004712117095107133,
      0.014246529802205643,
      0.0,
      0.0,
      0.004168962049334361,
      0.0,
      0.008063170875495199,
      0.0,
      0.01609603731009206,
      0.0,
      0.0,
      0.0015341769666244026,
      0.0,
      0.0189144780483842,
      0.008087318969832282,
      0.0012688402482850798,
      0.0,
      0.0006362713129644642,
      0.0,
      0.0008400450009908992,
      0.0,
      0.0,
      0.010837512874004411,
      0.0,
      0.008905571551690533,
      0.0008778185795740321,
      0.007006377039801988,
      0.0,
      0.0,
      0.0,
      0.00222489533829357,
      0.0012584670771121683,
      0.004343675102550621,
      0.009158034024386358,
      0.0,
      0.007215392556631528,
      0.0,
      0.005536561342985595,
      0.0,
      0.0,
      0.005201986651419027,
      0.0014140120498111687,
      0.004944081047269711,
      0.000394060904525873,
      0.010668805826654313,
      0.0,
      0.0,
      0.0,
      0.005683181138618311,
      0.0,
      0.0,
      0.010681352708531388,
      0.0,
      0.00235872520521118,
      0.0007509555468550174,
      0.0,
      0.0,
      0.0,
      0.011092566697006407,
      0.0,
      0.0,
      0.0070174236212722325,
      0.0,
      0.0008462396338308555,
      0.014962648104160753,
      0.009583400261761627,
      0.0,
      0.004192532606256466,
      0.0019801520269457184,
      0.010912665001662939,
      0.003679520073625566,
      0.0018873202386267755,
      0.0,
      0.0005053559027228574,
      0.0,
      0.012426724707633018,
      0.006211836349254671,
      0.0,
      0.0,
      0.0,
      0.0009469876040330563,
      0.011601005783889786,
      0.004570242690738386,
      0.0,
      0.0,
      0.0,
      0.00016146826862566973,
      0.0,
      0.0,
      0.005825927393767962,
      0.0,
      0.0017651672228913245,
      0.0,
      0.0014559088106462423,
      0.0,
      0.0,
      0.013953520731980674,
      0.009994964822225748,
      0.014319189765961226,
      0.0,
      0.0,
      0.0,
      0.012986978836427496,
      0.0,
      0.0,
      0.006623701367291231,
      0.011176248517087718,
      0.0,
      0.0008315817021518125,
      0.017386828613005823,
      0.0,
      0.0,
      0.0036220836349210492,
      0.004217630062684996,
      0.0,
      0.0,
      0.006860555251952604,
      0.0014522320424296838,
      0.0011185925622794642,
      0.0005205962659387102,
      0.0007416280933079455,
      0.0,
      0.0028376443886627524,
      0.004072401757263042,
      0.0
    ],
    "low_data": false
  },
  "250000": {
    "median": 0.0013761538596011344,
    "p90": 0.015008705998295962,
    "p10": 0.0,