{
  "100000": {
    "median": 4.031976292512271e-05,
    "p90": 0.013497141198764464,
    "p10": 0.0,
    "sample": [
      5.431920107079363e-05,
      6.167504918708187e-05,
      0.0023913408008920866,
      0.020093009818002584,
      0.0,
      0.01989509025319366,
      0.0003462367112979505,
      0.0,
      0.0,
      0.0,
      0.035211328276052854,
      0.02061151316614512,
      0.016352623430400108,
      0.008526090036901047,
      0.0,
      0.0,
      0.0,
      0.03038842494044092,
      0.004214563884837599,
      0.0,
      0.0,
      0.011588316770970246,
      0.0,
      0.0028126959536174476,
      0.0019563225240164135,
      0.0,
      0.0,
      0.00028773176986683847,
      0.012606742957698189,
      0.0,
      0.0,
      0.007328416046021264,
      0.0,
      0.0,
      0.0,
      0.0,
      0.016994235988632585,
      0.0,
      0.0022116580698131965,
      0.0,
      0.0,
      0.0,
      0.0,
      0.0,
      0.0,
      0.0,
      0.023710707393882726,
      0.0,
      0.0,
      0.0074032798543505465,
      0.008513747120008052,
      0.0,
      0.0,
      0.001023825831081687,
      0.0006923762927936805,
      0.012235399205403142,
      0.00399945555310792,
      0.001882312599853862,
      0.0,
      0.0,
      0.0,
      0.011289178510593398,
      0.0,
      0.0067616844603655074,
      0.01065024382622563,
      0.0,
      0.0,
      0.0,
      0.008658048091089146,
      0.0,
      0.0014554331445564316,
      0.01383898640858181,
      0.012136362520674238,
      0.0,
      0.011932240532065307,
      0.0,
      0.0034046047982118784,
      0.0,
      0.008717436542720123,
      0.007123049700505669,
      0.0,
      0.011157204868641808,
      0.0,
      0.0,
      0.0,
      0.0036475113993167836,
      0.022834302026681776,
      0.0,
      0.0,
      0.00579575001612971,
      0.012758222785022054,
      0.0,
      0.0,
      0.00621121602639237,
      0.0,
      0.0,
      0.0032168837748035427,
      0.007491231578340812,
      0.0,
      0.0008269023877176815,
      0.008951523058921588,
      0.0,
      0.0,
      0.0017496963445044365,
      0.008548615921116977,
      0.0,
      0.003930223951305791,
      0.0010818976539417233,
      0.0,
      0.006346733795557878,
      0.0,
      2.6320324779451792e-05,
      0.004771951360511888,
      0.00016672132956574968,
      0.00040453815897688056,
      0.0,
      0.0016465911867636989,
      0.0,
      0.004909553622273738,
      0.0,
      0.0,
      0.0,
      0.014621339540204581,
      0.014146364028030487,
      0.007571260084333757,
      0.015767555603665176,
      0.01314041942003435,
      0.0,
      0.014218216598996544,
      0.016617850639959734,
      0.0,
      0.0,
      0.01995946103640421,
      0.0,
      0.0,
      0.001859534378311726,
      0.004680893818538339,
      0.0,
      0.0,
      0.01848621657756529,
      0.0,
      0.0,
      0.010223843217813723,
      0.005882960504020186,
      0.0,
      0.0,
      0.0029306304430745216,
      0.0,
      0.002486950289846237,
      0.0,
      0.013650021961077357,
      0.0,
      0.0,
      0.004799885910506233,
      0.0010631703538175631,
      0.0,
      0.01578227562430698,
      0.021866976019501064,
      0.00876434665996113,
      0.01001730649645613,
      0.0,
      0.0,
      0.002669747047979258,
      0.0,
      0.0,
      0.012429052085719462,
      0.008691060194829103,
      0.00043867754996539034,
      0.0,
      0.0037895287100824836,
      0.001298804712149553,
      0.0,
      0.0017778622253746814,
      0.0,
      0.0,
      0.00037107096785025684,
      0.0,
      0.0054722981117305,
      0.014354319837939944,
      0.0,
      0.0,
      0.010236347918570282,
      0.004396870085812465,
      0.012969351204003025,
      0.015625254715774854,
      0.0,
      0.00297845389620044,
      0.002632728794798659,
      0.000398040612187023,
      0.0,
      0.0,
      0.0013569068710367384,
      0.0,
      6.691099014666994e-05,
      0.0,
      0.0,
      0.008750393027925287,
      0.0,
      0.0,
      0.0055217932888114345,
      0.0,
      0.0,
      0.0,
      0.0,
      0.0,
      0.0,
      0.0010302785499853504,
      0.003629838824263047,
      0.004289693895237106,
      0.0025136362626957546,
      0.0035484799326157787,
      0.0,
      0.0,
      0.0
    ],
    "low_data": false
  },
  "250000": {
    "median": 0.00044362829603534083,
    "p90": 0.013905627532256958,
    "p10": 0.0,