{
  "100000": {
    "median": 0.0020043664975757224,
    "p90": 0.016199227722856438,
    "p10": 0.0,
    "sample": [
      5.431920107079363e-05,
      6.167504918708187e-05,
      0.0,
      0.005229771931118281,
      0.0,
      0.0,
      0.025966923983170916,
      0.0316947530824339,
      0.0,
      0.0,
      0.004556436067606299,
      0.024464451685912516,
      0.0063991989892254126,
      0.025337121232243753,
      0.0,
      0.022569850755593954,
      0.0,
      0.0,
      0.021285391170864552,
      0.0,
      0.0111201437163664,
      0.0,
      0.0,
      0.007957394679274655,
      0.0,
      0.015588052323239088,
      0.0,
      0.013587975665049748,
      0.0,
      0.014163263646562532,
      0.0,
      0.009802881694719746,
      0.0,
      0.0,
      0.003818479041548473,
      0.0,
      0.009059775571416868,
      0.018110485502181854,
      0.02434283058861401,
      0.0282285457964174,
      0.008158332668512994,
      0.0,
      0.0,
      0.011417921399056327,
      0.0,
      0.004379644878342735,
      0.032700364353833486,
      0.05434839693685957,
      0.01705944485420941,
      0.009796139107875834,
      0.003738647544162692,
      0.0,
      0.004954346498853058,
      0.004249720501883502,
      0.0,
      0.018966769663735925,
      0.015267864500338327,
      0.01807119138951245,
      0.0,
      0.0,
      0.0017794382190591484,
      0.01292370572628112,
      0.005491090089850675,
      0.010473350340590213,
      0.0023720659932927476,
      0.00766136569460057,
      0.005936329901535253,
      0.0025176296557635385,
      0.0,
      0.006308276683613264,
      0.028488840729254682,
      0.022560488566412986,
      0.0,
      0.0,
      0.0,
      0.03594512241034274,
      0.0,
      0.0,
      0.0,
      0.0,
      0.022454150502104725,
      0.0,
      0.0031167821159344814,
      0.0,
      0.0,
      0.0,
      0.007029458670970495,
      0.000912660246414006,
      0.0,
      0.0,
      0.0204838627328302,
      0.0,
      0.0075253399799345725,
      0.0,
      0.0,
      0.00017525206366860666,
      0.002886495781540035,
      0.0030235806404337977,
      0.0,
      0.0,
      0.0,
      0.0,
      0.000608514339558628,
      0.0,
      0.003605428530686033,
      0.002961350749676494,
      0.0,
      0.005337623987181553,
      0.0036454278399924095,
      0.0,
      0.002524000536985745,
      0.008477965572995134,
      0.0037056181672343877,
      0.005576474797338588,
      0.0,
      0.00027115863821256035,
      0.0,
      0.0031446082975507363,
      0.0,
      0.027706982171949276,
      0.0,
      0.004303074773723031,
      0.0,
      0.003997925981909257,
      0.00038557562411729705,
      0.0005664010986298249,
      0.0,
      0.0019096522415957226,
      0.0,
      0.004039279998634237,
      0.0,
      0.0062186990801163106,
      0.015565837324128922,
      0.0,
      0.0,
      0.0017825661608200651,
      0.0,
      0.0,
      0.0,
      0.0,
      0.0,
      0.013505418060633045,
      0.003932425509325927,
      0.0,
      0.007842582198026542,
      0.00902373271332229,
      0.0,
      0.019091639437995606,
      0.00489269822232667,
      0.014460097008678733,
      0.007054199211558955,
      0.0,
      0.0027048609555479584,
      0.002224488188978518,
      0.0,
      0.006711090719497395,
      0.0017876795104649732,
      0.01646116003697814,
      0.0038271449765039864,
      0.0,
      0.0029122391425295624,
      0.007913691355448005,
      0.0,
      0.006697754455835805,
      0.012461449106035753,
      0.008561964189082167,
      0.0,
      0.0013259699550541928,
      0.014367376325476125,
      0.003613183452841613,
      0.004971333999806116,
      0.0,
      0.005515436434050004,
      0.005620782435525574,
      0.0,
      0.0,
      0.006090284620406567,
      0.0,
      0.0,
      0.007318908840493113,
      0.0,
      0.0027976329867188177,
      0.004744816300821533,
      0.0,
      0.0133631847939465,
      0.004756050891532239,
      0.007440490305771317,
      0.0,
      0.006934002962786796,
      0.0,
      0.0,
      0.000614425857363628,
      0.002099080753555722,
      0.0,
      0.003200800069043865,
      0.0003480049642664348,
      0.0,
      0.004593186672759686,
      0.002457665851231969,
      0.0,
      0.0,
      0.006651078755525578,
      0.0,
      0.002162631186198552,
      0.0,
      0.0,
      0.004602480181677443,
      0.00028558044499027245,
      0.0,
      0.00557635999781185,
      0.0,
      0.0024793797022577375,
      0.0010710133857767658,
      0.006253974914894688
    ],
    "low_data": false
  },
  "250000": {
    "median": 0.002585855648579316,
    "p90": 0.016609314323044095,
    "p10": 0.0,