{
  "100000": {
    "median": 0.0005651384193989012,
    "p90": 0.014906135438810938,
    "p10": 0.0,
    "sample": [
      8.439487318966808e-05,
      0.01655788373133447,
      0.00025140703718456666,
      0.0,
      0.042691306200593186,
      0.0027741880252230827,
      0.017350985968701292,
      0.0,
      0.01830596271732768,
      0.0005003215459122486,
      0.0,
      0.0,
      0.0,
      0.028876065366377737,
      0.017212135961890366,
      0.013415503370581188,
      0.007307667574063412,
      0.0,
      0.0,
      0.0,
      0.029793738694490497,
      0.004369802403845005,
      0.0,
      0.0,
      0.013068831826318635,
      0.0,
      0.00410826406282996,
      0.0030134559444097513,
      0.0,
      0.0,
      0.0013713481516238997,
      0.01734429137993616,
      0.0,
      0.0,
      0.012568377149905935,
      0.0,
      0.0,
      0.0,
      0.0,
      0.021233777092765305,
      0.0,
      0.0029131105971501566,
      0.0,
      0.0,
      0.0,
      0.0,
      0.0,
      0.0,
      0.0,
      0.02858939258188669,
      0.0,
      0.0,
      0.011356295540033872,
      0.013660631701080362,
      0.0,
      0.0,
      0.002843536349556296,
      0.00246459891431395,
      0.018963475300441467,
      0.007815780105786124,
      0.003954685174581207,
      0.0,
      0.0,
      0.0,
      0.022607915012084936,
      0.0,
      0.014899466530216364,
      0.023944818916485505,
      0.0002141539384205466,
      0.0,
      0.0,
      0.007082159134662021,
      0.0,
      0.0021244294334185196,
      0.01170351687877947,
      0.01042002367034684,
      0.0,
      0.009469788091082565,
      0.0011502796000187774,
      0.0030341648398644473,
      0.0,
      0.006694714475724036,
      0.005762467727911375,
      0.0,
      0.00950639112336642,
      0.0,
      0.0,
      0.0,
      0.003581377755314489,
      0.021265506150561084,
      0.0,
      0.0,
      0.007082596863352206,
      0.016093281693675292,
      0.0,
      0.0,
      0.008774753419481095,
      0.0,
      0.0,
      0.0060730300050833245,
      0.014459806466240578,
      0.0,
      0.0018721617431283633,
      0.0188618277924633,
      0.0,
      0.0,
      0.00399848903487245,
      0.026486220025393654,
      0.0,
      0.012084181297920663,
      0.0022869973380919835,
      0.0,
      0.018670946235455375,
      0.0,
      0.0003928101815860349,
      0.012816543911388464,
      1.5005258721447487e-05,
      0.0009782959524436141,
      0.0,
      0.004256587478292953,
      0.0,
      0.007825534353433805,
      0.0,
      5.2582055540068224e-05,
      0.0,
      0.013172619242262871,
      0.012029574341694344,
      0.0051368478046775546,
      0.01034641473743049,
      0.011055436975251806,
      0.0,
      0.012970772853163323,
      0.01547348638345308,
      0.0,
      0.0,
      0.018017421705314438,
      0.0,
      0.0,
      0.0020911391057794066,
      0.006512238009770513,
      0.0,
      0.0,
      0.01919766904458619,
      0.0,
      3.865421761686295e-05,
      0.010297432322287015,
      0.006032208406254002,
      0.0,
      0.0,
      0.00246614469678153,
      0.0,
      0.0017405685982822571,
      0.0005651384193989012,
      0.009211000697489107,
      0.0,
      0.0013346447957348893,
      0.003756011259964886,
      0.002111068527319167,
      0.0,
      0.011190020638507927,
      0.0127357470064586,
      0.006891558944042109,
      0.0072892077035416215,
      0.0,
      0.0,
      0.002925085615896751,
      0.0,
      0.0,
      0.008950299519291853,
      0.007200769400187821,
      0.0008649655360288216,
      0.0,
      0.004462855455924936,
      0.001631477975993053,
      0.0,
      0.0022281020745373932,
      0.0,
      0.0,
      0.0006120167058310839,
      0.0,
      0.0056583583631881346,
      0.014258476839278392,
      0.0,
      0.0,
      0.009506132811969097,
      0.005481429157757314,
      0.012592297690478826,
      0.014932811073189228,
      0.0,
      0.0032073475617256856,
      0.0029361188491401646,
      0.0007185718701570923,
      0.0,
      0.003200671453718309,
      0.0,
      0.0020713971207960134,
      0.0015633047348940139,
      0.0012299855275707291,
      0.0,
      0.0,
      0.0,
      0.012387777964462263,
      0.0,
      0.0,
      0.00969234098070174,
      0.0,
      0.0,
      0.0,
      0.0,
      0.0,
      0.0,
      0.0011206711836229547,
      0.007686396380782393,
      0.009063305384938276,
      0.005586196628402634,
      0.01001286033056647,
      0.0,
      0.0,
      0.0
    ],
    "low_data": false
  },
  "250000": {
    "median": 0.0015140410705599293,
    "p90": 0.016011700219627806,
    "p10": 0.0,