{
  "100000": {
    "median": 0.0010715263054547584,
    "p90": 0.014379124073590764,
    "p10": 0.0,
    "sample": [
      8.439487318966808e-05,
      0.01655788373133447,
      0.00025584997388819,
      0.0,
      0.014580709274974998,
      0.007386719982410082,
      0.002804902656530317,
      0.0,
      0.012900581774084516,
      0.0,
      0.0,
      0.0,
      0.0,
      0.013305166321711899,
      0.01887914940948813,
      0.0,
      0.006216770223921005,
      0.0,
      0.011696435791211003,
      0.023320016907093007,
      0.0,
      0.0009303462774288245,
      0.0,
      0.008695342906273513,
      0.0,
      0.0,
      0.0,
      0.0,
      0.009778311778373678,
      0.0,
      0.0018385018920869087,
      0.0,
      0.0,
      0.016386930938212987,
      0.0010715263054547584,
      0.0,
      0.0,
      0.0,
      0.0,
      0.0026190651053798124,
      0.014978611589138801,
      0.007580274046251358,
      0.0,
      0.013929536680485646,
      0.0,
      0.006685238853298991,
      0.0,
      0.012987189614757868,
      0.0060180135792200305,
      0.01995836041310693,
      0.0,
      0.02723984185858439,
      0.013765544421336443,
      0.0,
      0.005108081077924905,
      0.0,
      0.0,
      0.010731851824759745,
      0.0,
      0.0,
      0.01790818996985568,
      0.0,
      0.02493608186460927,
      0.0031033688800788718,
      0.0,
      0.011707920061729597,
      0.0,
      0.0,
      0.004043738144795963,
      3.1853906041889824e-05,
      0.012133444060205773,
      0.0,
      0.0,
      0.01245750609676792,
      0.018333153423951816,
      0.0,
      0.0025879722518567486,
      0.0,
      0.004271082658107302,
      0.0,
      0.0,
      0.0009765928303212782,
      0.007886969577725557,
      0.0008568634499240076,
      0.0,
      0.0,
      0.0058542952007030425,
      0.008321884300754766,
      0.0,
      0.0,
      0.0004070048656907273,
      0.016176854023904248,
      0.018500883284248402,
      0.01437153944397313,
      0.0,
      0.006645856539992908,
      0.005453436793271324,
      0.017045890137398552,
      0.014163293856511393,
      0.005245359346437633,
      0.021378711860657068,
      0.0,
      0.013018590715691395,
      0.0,
      0.0,
      0.0,
      0.0,
      0.031944588395417084,
      0.015895644037982527,
      0.0,
      0.015200052916814187,
      0.0,
      0.0,
      0.0,
      0.0,
      0.0,
      0.0,
      0.009714574163737047,
      0.0,
      0.014786176427468475,
      0.01820083452516193,
      0.0,
      0.0,
      0.0,
      0.010141872725333945,
      0.0,
      0.0047032839909648926,
      0.005884317771098877,
      0.0,
      0.0034293398320467522,
      0.0,
      0.0042164527836028,
      0.0,
      0.0,
      0.01571573574629264,
      0.0033551921865368943,
      0.0,
      0.0018819790637687466,
      0.00397243008125335,
      0.013342495078195639,
      0.0017226658574145705,
      0.0,
      0.0,
      0.0,
      0.0,
      0.0073727349519854685,
      0.0034102021868414275,
      0.0,
      0.0,
      0.0,
      0.0,
      0.0,
      0.0,
      0.0,
      0.009334893393549688,
      0.0029855252355293115,
      0.0021654769921755743,
      0.00725039558413953,
      0.0028461676813290797,
      0.0,
      0.0,
      0.005676208003994645,
      0.0,
      0.0,
      0.0042188189522376395,
      0.006823942681850855,
      0.0014752187960092962,
      0.0,
      0.008740114388051735,
      0.002425580032885847,
      0.004350550336740991,
      0.004911936614076351,
      0.003973541640409832,
      0.0,
      0.0029995003122982615,
      0.0,
      0.004942794076975303,
      0.0,
      0.0032371412093698936,
      0.0046590970240364266,
      0.02065530869121389,
      0.0,
      0.0,
      0.0046009864109183675,
      0.005846654177518065,
      0.001900029948404118,
      0.0,
      0.0056923839386695705,
      0.00017434424295691055,
      0.0,
      0.00370980503719811,
      0.002706575455341796,
      0.0018712728718162325,
      0.0038901957524662143,
      0.0008592569572474104,
      0.0013104925313352333,
      0.008181698546708804,
      0.004480825131664713,
      0.002695309325888956,
      0.0018624602502009323,
      0.0006625444278651696,
      0.0,
      0.0,
      0.004888009980153566,
      0.0009493080699794045,
      0.0,
      0.005462511916581164,
      0.0011579726789150465,
      0.0,
      0.008729705895132367,
      0.005385524774834278,
      0.0,
      0.006185824051856934,
      0.0,
      0.0,
      0.0017135170590745357,
      0.0063623793914303565,
      0.014379124073590764,
      0.0,
      0.0,
      0.0022105083468683664
    ],
    "low_data": false
  },
  "250000": {
    "median": 0.0024072682134046587,
    "p90": 0.014989965563119812,
    "p10": 0.0,