{
  "100000": {
    "median": 0.0013824430336393117,
    "p90": 0.01694855820295382,
    "p10": 0.0,
    "sample": [
      8.439487318966808e-05,
      0.01655788373133447,
      0.0002534987155498891,
      0.0,
      0.0,
      0.01754510218723884,
      0.0,
      0.0033501686154791713,
      0.0,
      0.015262445866927573,
      0.0,
      0.0,
      0.0,
      0.03123963625892076,
      0.0,
      0.014946761761200614,
      0.002820603398155566,
      0.0,
      0.0,
      0.019920670030389307,
      0.024748245420877255,
      0.002230900473362349,
      0.0,
      0.00380207070754209,
      0.0,
      0.008331696950238134,
      0.0,
      0.006638441428043747,
      0.0,
      0.0,
      0.016106477103173943,
      0.0353614053439184,
      0.026646097686892627,
      0.0134402124221873,
      0.017556265238591686,
      0.013261725775439702,
      0.024160085028932392,
      0.049288417713976414,
      0.007096435387020884,
      0.004077251923760587,
      0.006450435962307525,
      0.0,
      0.02665159954106677,
      0.00968627095863969,
      0.0,
      0.0,
      0.0,
      0.0,
      0.01679942220688255,
      0.010687445759257447,
      0.006762740423090799,
      0.0,
      0.021332605529450637,
      0.0,
      0.015884127281636837,
      0.0,
      0.0,
      0.002133522907098434,
      0.0,
      0.013844569116273485,
      0.0,
      0.0,
      0.029312800790759964,
      0.01893983613660953,
      0.01657720175965429,
      0.0,
      0.03564632093082798,
      0.01544735157526826,
      0.0,
      0.003142230206309986,
      0.0,
      0.0,
      0.0,
      0.014864256764917143,
      0.0,
      0.005242635796295846,
      0.012387963373967857,
      0.0,
      0.008720896646699932,
      0.008268926850790316,
      0.005128368419786657,
      0.011240759901683453,
      0.019636221640680334,
      0.005539350896118298,
      0.0,
      0.006282290073910424,
      0.00026296210428968306,
      0.0,
      0.0,
      0.016344811317947048,
      0.0,
      0.0036086467832852948,
      0.0058161189400484335,
      0.01795202238998211,
      0.0,
      0.0,
      0.005851984565042823,
      0.0,
      0.015457234722203797,
      0.0,
      0.03205026842659421,
      0.0,
      0.0,
      0.0035249821986079724,
      0.0,
      0.055654632329199705,
      0.023515329793750588,
      0.003262794299764135,
      0.0,
      0.0006472563256310192,
      0.0,
      0.0015848471847662794,
      0.0,
      0.0,
      0.03244260150440238,
      0.0,
      0.02177448577911813,
      0.0019377376765751457,
      0.01448734306930117,
      0.0,
      0.0,
      0.0,
      0.0036536459372549417,
      0.0019780172953336446,
      0.004370506337973504,
      0.008311419834514057,
      0.0,
      0.0049105962228385555,
      0.0,
      0.004758096862420577,
      0.0,
      0.0,
      0.004951337991913721,
      0.0013249125119012485,
      0.004804478975649752,
      0.0005259145198575523,
      0.009768757988275681,
      0.0,
      0.0,
      0.0,
      0.009342083022858414,
      0.0,
      0.0,
      0.010975672946452783,
      0.0,
      0.0024057219652362303,
      0.0009040822460536914,
      0.0,
      0.0,
      0.0,
      0.0077011322710421005,
      0.0,
      0.0,
      0.00508378393426985,
      0.0,
      0.002133436245535962,
      0.010200074302394543,
      0.007623570482475002,
      0.0,
      0.004562613784139975,
      0.0015223763833658718,
      0.0084712453690932,
      0.0027343064301169747,
      0.0022737194202869376,
      0.0009871706629177573,
      0.0014255639680226943,
      0.0,
      0.009035311132693515,
      0.004529452790752969,
      0.0,
      0.0,
      0.0,
      0.0013824430336393117,
      0.011984581708902299,
      0.005447434707419986,
      0.0,
      0.0,
      0.0,
      0.0003829633921117236,
      0.0,
      0.0,
      0.006346670465864941,
      0.0,
      0.00226554162991435,
      0.0,
      0.0028305289459865162,
      0.0,
      0.0,
      0.014552064882350394,
      0.009886865969984322,
      0.01336981945634217,
      0.0001227687362716453,
      0.0,
      0.0,
      0.0,
      0.011926909011131451,
      0.0011147694704321258,
      0.0,
      0.007000152529715008,
      0.0,
      0.01094894284278749,
      0.0,
      0.0009251493205164557,
      0.026681621667972263,
      0.0,
      0.0,
      0.0071200652520779124,
      0.00927808346121758,
      0.0,
      0.0,
      0.012952041883167236,
      0.002164988701825007,
      0.0015127984031114536,
      0.0,
      0.0011346611069431656,
      0.0,
      0.008015526955617181,
      0.00913394768933769,
      0.0
    ],
    "low_data": false
  },
  "250000": {
    "median": 0.0022344383910162563,
    "p90": 0.018513112342563313,
    "p10": 0.0,