{
  "100000": {
    "median": 0.001269965837646607,
    "p90": 0.014880068904352154,
    "p10": 0.0,
    "sample": [
      4.121787481795367e-05,
      0.00017556766738505226,
      0.0,
      0.0,
      0.003465675905514596,
      0.0,
      0.002179989231033882,
      0.0031516919193816566,
      0.008576560473750657,
      0.0,
      0.00020357744721054998,
      0.003677251894840176,
      5.910295918460425e-05,
      0.00794532118731463,
      0.0,
      0.015420667192121616,
      0.0,
      0.0,
      0.0037552736089706195,
      0.0,
      0.0254722903718833,
      0.011414122080108929,
      0.002735609763226954,
      0.0,
      0.004657929262421603,
      0.0,
      0.0010183507698011567,
      0.0,
      0.0,
      0.017888819484164972,
      0.0,
      0.013259673658699072,
      0.0012614356072582736,
      0.008425602128770958,
      0.0,
      0.0,
      0.0,
      0.002085991630151323,
      0.0018393602653248987,
      0.004875750037333498,
      0.010974073453387323,
      0.0,
      0.01110538858289858,
      0.0,
      0.00833200316425576,
      0.0,
      0.0,
      0.005700622780621684,
      0.0035941633447125285,
      0.005861109436637864,
      0.0023846274839187773,
      0.011726035940178755,
      0.0011418057875102817,
      0.0,
      0.0,
      0.008810688110899908,
      0.0,
      0.0,
      0.010372191017781453,
      0.0,
      0.004457869920853962,
      0.0012784960680349408,
      0.0,
      0.0,
      0.0,
      0.014634020172215642,
      0.0012063875574115823,
      0.0010935250111864226,
      0.009779754567509994,
      0.001556196585206694,
      0.001633668088583362,
      0.016888336362894267,
      0.010454417165966364,
      0.0,
      0.004185542266566344,
      0.002157584505317384,
      0.015832898178345007,
      0.006901165241675044,
      0.0024923323577895756,
      0.0,
      0.001844643685824997,
      0.00041878867184496574,
      0.017317485961602364,
      0.00789817952206967,
      0.0,
      0.0,
      0.0,
      0.002254383969880984,
      0.016633403285025477,
      0.008027437252179477,
      0.0,
      0.0,
      0.0,
      0.0,
      0.0,
      0.0,
      0.008450838886714211,
      0.0,
      0.006572362484419557,
      0.0,
      0.0030557875585761557,
      0.0,
      0.0,
      0.020696099221302566,
      0.015312506355000437,
      0.021732287078172204,
      0.0006986456112536526,
      0.0,
      0.0,
      0.02326720534120837,
      0.0,
      0.0,
      0.009696601218292753,
      0.01584949399163687,
      0.0,
      0.0015861431885582547,
      0.02805134588803008,
      0.0,
      0.0,
      0.007299677707104977,
      0.010232227534598846,
      0.0,
      0.0,
      0.014907407652367321,
      0.006320239001081192,
      0.004162563363529908,
      0.0009545431478177033,
      0.008387327694011662,
      0.0,
      0.007879734907971028,
      0.009944169521068321,
      0.0
    ],
    "low_data": false
  },
  "250000": {
    "median": 0.0031006338829933904,
    "p90": 0.017098632804137794,
    "p10": 0.0,
    "sample": [
      9.402245867048686e-05,
      0.00040048895833403366,
      0.000316619878108236,
      0.0,
      0.004268462478803912,
      0.0,
      0.003180355363279965,
      0.003998344468965629,
      0.010588130284299545,
      0.0,
      0.0017076282488887903,
      0.004865264236648627,
      0.0019934730581039123,
      0.008943377080692243,
      0.00035748610692575705,
      0.017554805144255788,
      0.0,
      0.0017889513508894499,
      0.0068078813785230246,
      0.0,
      0.026093086481785578,
      0.012925938923658405,
      0.00459250199993803,
      0.0,
      0.010531779573763778,
      0.0022116962296769432,
      0.001358420899570857,
      0.0,
      0.0,
      0.018841804157956665,
      0.0,
      0.01423851108454648,
      0.0016022003205029126,
      0.008831700778820376,
      0.0,
      0.0,
      0.0,
      0.002304741726289193,
      0.0027171014819778344,
      0.005837448613810732,
      0.012504312606550947,
      0.0,
      0.015297336310515953,
      0.002399576699028233,
      0.011777698580207153,
      0.0,
      0.0,
      0.006723169045948255,
      0.0069075150506423336,
      0.007348786231158774,
      0.005529066886516992,
      0.01346878532589527,
      0.003986278918704259,
      0.0,
      0.0,
      0.010660142002002906,
      0.0,
      0.0,
      0.012307222593956467,
      0.0,
      0.008096667013279895,
      0.0024677272871662056,
      0.0,
      0.0,
      0.0010627548655497987,
      0.019760012296672715,
      0.0053983853421817486,
      0.0063672828368806205,
      0.015130157248717071,
      0.007722017025116031,
      0.003166465740780057,
      0.020131407947743315,
      0.011764814457552078,
      0.0,
      0.004820773099570055,
      0.0025100282116967392,
      0.017122945632464703,
      0.009461717884810563,
      0.0029543485613685297,
      0.0,
      0.003755164172751032,
      0.0025052254223744503,
      0.02042600664245074,
      0.008401783817947206,
      0.0,
      0.0,
      0.0,
      0.0039342605074815,
      0.01889879135079967,
      0.010753040433982836,
      0.0,
      0.0,
      0.0,
      0.0,
      0.0,
      0.0,
      0.01009609906214066,
      0.0,
      0.012805190112525485,
      0.0,
      0.004619767428935904,
      0.0,
      0.0,
      0.021229734592730885,
      0.01590713556741771,
      0.022831907993638437,
      0.0032360030862812585,
      0.0,
      0.0,
      0.024503080170423713,
      0.0015990287682466273,
      0.0016079943132901548,
      0.010423612006331687,
      0.019850890288369994,
      0.0,
      0.0030348020252067235,
      0.030016913128634668,
      0.002613712313757536,
      0.0,
      0.007543085148588518,
      0.011675325376147832,
      0.0010797546510364592,
      0.0006360305182541263,
      0.01687981734919561,
      0.012670967976352518,
      0.00844225985450571,
      0.0033472227712339534,
      0.01898760118484819,
      0.003823453807514203,
      0.011593560999054123,
      0.01500105712220891,
      0.0
    ],
    "low_data": false
  },
  "500000": {
    "median": 0.005676979099744986,
    "p90": 0.022358275313664258,
    "p10": 0.0,