{
  "100000": {
    "median": 0.001587875400429099,
    "p90": 0.01134326832937882,
    "p10": 0.0,
    "sample": [
      4.121787481795366e-05,
      0.00017556766738505223,
      0.0004784159975383974,
      0.0,
      0.0,
      0.00044267357471128787,
      0.007505738582606596,
      0.00908674413392523,
      0.0071418609883188355,
      0.0,
      0.003566495289599896,
      0.0034808098971383225,
      0.01033208265168966,
      0.007319291597809742,
      0.0034649123354389684,
      0.0108084012534404,
      0.0,
      0.007630177906351263,
      0.0,
      0.0,
      0.0,
      1.643691341917091e-05,
      0.015136745573713833,
      0.007469838020646382,
      0.0,
      0.00826623933351507,
      0.0,
      0.0,
      0.0,
      0.0,
      0.0,
      0.0,
      0.0058314507648560615,
      0.0,
      0.008315597622867776,
      0.011572497076209567,
      0.0,
      0.0,
      0.0,
      0.011812955541210937,
      0.0,
      0.006828786552412126,
      0.012838083864085952,
      0.0,
      0.0066112016561140335,
      0.0,
      0.005710253145316629,
      0.0,
      0.0,
      0.017791580400745348,
      0.005555673160197245,
      0.0,
      0.003245519738432425,
      0.005668062935579327,
      0.014354540437043654,
      0.001133824676917566,
      0.0,
      0.0,
      4.72850366617125e-05,
      0.0,
      0.008504157002036355,
      0.003455427358325344,
      0.0,
      0.0,
      0.0,
      0.0,
      0.0,
      0.0,
      0.0,
      0.014880771933048466,
      0.0029692988318180172,
      0.004375076037304585,
      0.009869330871499717,
      0.0029801657316050278,
      0.0,
      0.0,
      0.010463417561814086,
      0.0,
      0.0,
      0.004594269325161307,
      0.011991183636476844,
      0.0033524979236825283,
      0.0,
      0.015154732001215337,
      0.0038141666018012077,
      0.006345079092723603,
      0.005896742998840767,
      0.005540418980380157,
      0.0,
      0.004758008964484391,
      0.0,
      0.005674645156003786,
      0.0,
      0.004102836046768351,
      0.006266420167998908,
      0.02911747706168262,
      0.0,
      0.0,
      0.009979671771030907,
      0.008062929204117438,
      0.0016349057741081334,
      0.0,
      0.00859757649466935,
      0.0,
      0.0,
      0.005725154428671456,
      0.004949387416970791,
      0.0015408450267500647,
      0.0,
      0.0011417521232973155,
      0.01334223321058268,
      0.0071279919118141695,
      0.00244932722126287,
      0.0029319724126457185,
      0.0,
      0.0,
      0.005452644204164762,
      0.0020555316890488464,
      0.0,
      0.005506042921040431,
      0.0010618800774285849,
      0.0,
      0.011633985710161,
      0.0069359920556345475,
      6.505335510670687e-05,
      0.008108274218156547,
      0.0,
      0.0,
      0.0052310109933814235,
      0.006769488278280415,
      0.013542019467753033,
      0.0,
      0.0,
      0.02773991208795109
    ],
    "low_data": false
  },
  "250000": {
    "median": 0.0032450369003053942,
    "p90": 0.012892173679208651,
    "p10": 0.0,
    "sample": [
      9.402245867048682e-05,
      0.00040048895833403355,
      0.000893347609377568,
      0.000503113380809689,
      0.0,
      0.0010506168684954447,
      0.00850610471485268,
      0.009933396683509201,
      0.009153430798867724,
      0.0,
      0.0050705460912781365,
      0.004668822238946773,
      0.012266452750608968,
      0.008317347491187354,
      0.004863846754242984,
      0.012942539205574569,
      0.0,
      0.009432803777548317,
      0.0,
      0.0,
      0.0,
      0.001528253756968646,
      0.01699363781042491,
      0.008557455949067653,
      0.00068725414647231,
      0.010483713253874833,
      0.0,
      0.0,
      0.0,
      0.0,
      0.0,
      0.0,
      0.0061722154781007005,
      0.0,
      0.008787968819174262,
      0.012290560039746976,
      0.0,
      0.0,
      0.0,
      0.012774654117688172,
      0.0,
      0.008580629530487978,
      0.017030031591703323,
      0.0,
      0.010056897072065429,
      0.0,
      0.0077009263451433205,
      0.0,
      0.0,
      0.01927925719526626,
      0.008700112562795459,
      0.0,
      0.006089992869626402,
      0.008744131519272464,
      0.01624561791682774,
      0.002983278568020563,
      0.0,
      0.0,
      0.0019823166128367254,
      0.0,
      0.012142954094462286,
      0.004644658577456609,
      0.0,
      0.0,
      0.0,
      0.0,
      0.0,
      0.00234095326144305,
      0.0,
      0.021046592372957803,
      0.004502096484014712,
      0.007618147622153635,
      0.01117972816308543,
      0.0032911881561429068,
      0.0,
      0.0,
      0.01175346501593378,
      0.0,
      0.0,
      0.005269222549303516,
      0.013901704123402879,
      0.005438934674212012,
      0.0,
      0.015658336297092873,
      0.0052541165006214485,
      0.007582983897650503,
      0.0066871665128945676,
      0.007220295517980672,
      0.0,
      0.00748361214628775,
      0.0,
      0.006150357813094561,
      0.0,
      0.004254146164441604,
      0.006609429037236345,
      0.029660581001624015,
      0.0,
      0.0,
      0.016212499399136833,
      0.009602681123455225,
      0.0031988856444678817,
      0.0,
      0.010783472612962546,
      0.0,
      0.0,
      0.006824775344137689,
      0.007486744891998395,
      0.0026630526764773845,
      0.0005197865706112084,
      0.002377626952512659,
      0.015123715713255995,
      0.009708117542490974,
      0.003176338009301804,
      0.006933368709378845,
      0.0,
      0.0,
      0.0074182114447693525,
      0.005124567152071843,
      0.0,
      0.0057494503625239715,
      0.00250497791897757,
      0.0,
      0.015199935029566576,
      0.008908401752462835,
      0.006415782330378034,
      0.012387970709132348,
      0.0,
      0.0059391658183229785,
      0.010791658932265236,
      0.010483314369363509,
      0.018598907068893625,
      1.2714325080794356e-06,
      0.0,
      0.027949231520172223
    ],
    "low_data": false
  },
  "500000": {
    "median": 0.006217435876135769,
    "p90": 0.017835947749100266,
    "p10": 0.0,