{
  "100000": {
    "median": 0.002774334375128433,
    "p90": 0.011688488893034924,
    "p10": 0.0,
    "sample": [
      4.121787481795366e-05,
      0.00017556766738505223,
      0.0002333151565530915,
      0.0,
      0.0017562490311037876,
      0.0006328495276160255,
      0.0,
      0.0,
      0.011697925337915556,
      2.6344367904625795e-06,
      0.0049668090750526325,
      0.0,
      0.0,
      0.0006759433604500322,
      0.0035405877430673503,
      0.0038707211386340757,
      0.0007180021988245935,
      0.0,
      0.0,
      0.0,
      0.0008680543183814174,
      0.0,
      0.005958500864735265,
      0.0038720936352281514,
      0.0,
      0.008955370839814767,
      0.0056223607594313,
      0.0,
      0.00431727763583079,
      0.014102941406168547,
      0.006248066765869696,
      0.008392012509900824,
      0.0,
      0.0005658965897259323,
      0.0,
      0.0034188738605598875,
      0.0,
      0.02677855109481938,
      0.0,
      0.004833865698494921,
      0.0,
      0.005433081005426384,
      0.0033785873988535827,
      0.002707404540853553,
      0.0,
      0.0040902293611526485,
      0.00047933715453687465,
      0.00454557327291204,
      0.0,
      0.007150224349162193,
      0.017586667069663477,
      0.0,
      0.0,
      0.003578544148540562,
      0.0,
      0.0,
      0.0,
      0.0,
      0.0,
      0.014008432245728827,
      0.005744190801621376,
      0.0,
      0.007467480587390387,
      0.008189993648138823,
      0.000495987968739054,
      0.02249475317065356,
      0.0073276731262372575,
      0.016372897782062967,
      0.009810712140637964,
      0.0,
      0.0034653841974772405,
      0.004308903008454007,
      0.0,
      0.006451524811999413,
      0.0017663611352498937,
      0.018060269850792354,
      0.0058239453974262495,
      0.0,
      0.004007513332941215,
      0.011394332226438939,
      0.0,
      0.009106690207677359,
      0.01736039466916531,
      0.010778103400560353,
      0.0,
      0.002333317933907878,
      0.01978938328896889,
      0.005918611266699776,
      0.007889425220701076,
      0.0,
      0.00754202227004186,
      0.0074676773192240775,
      0.0,
      0.0,
      0.00867604038026063,
      0.0,
      0.0,
      0.010546917927842214,
      1.911974189082368e-05,
      0.004193115567850722,
      0.007582654910326007,
      0.0,
      0.019551913260373553,
      0.007008705143140461,
      0.011399787268288379,
      0.0,
      0.011603560889109226,
      0.0,
      0.0,
      0.001416254783390637,
      0.0042720920225805216,
      0.0,
      0.004488046418740808,
      0.002841264209403313,
      0.0,
      0.007733598624481206,
      0.004526815097452333,
      0.0018976534145548757,
      0.0,
      0.014371532096980649,
      0.0,
      0.0053728945851373115,
      0.0,
      0.0,
      0.012891637510577715,
      0.0024334341335376444,
      0.0,
      0.018698338023352017,
      0.0031400907660614286,
      0.007168157339110406,
      0.005396780840267463,
      0.01039434044682283
    ],
    "low_data": false
  },
  "250000": {
    "median": 0.004963200220613648,
    "p90": 0.014567537421031456,
    "p10": 0.0,
    "sample": [
      9.402245867048682e-05,
      0.00040048895833403355,
      0.0006482467683922621,
      0.0,
      0.0025590356043931036,
      0.0012407928214001824,
      0.0009791406645525483,
      0.0,
      0.013709495148464444,
      0.0011991067981837935,
      0.006470859876730873,
      0.0,
      0.0,
      0.0016739992538276447,
      0.004939522161871366,
      0.006004859090768247,
      0.002655839620572912,
      0.0,
      0.0,
      0.0,
      0.0014888504282836944,
      0.00015322023500297403,
      0.007815393101446341,
      0.004959711563649423,
      0.0,
      0.01117284476017453,
      0.0059624308892010005,
      0.0,
      0.004679608144189456,
      0.015055926079960242,
      0.007502866174623963,
      0.009370849935748231,
      0.0,
      0.00097199523977535,
      0.0,
      0.004136936824097295,
      0.0,
      0.026997301190957248,
      0.0,
      0.005795564274972155,
      0.0,
      0.0071849239835022356,
      0.007570535126470954,
      0.005760322847958504,
      0.002614429127678621,
      0.0070595479307012056,
      0.002470010354363567,
      0.0055681195382386115,
      0.0,
      0.008637901143683104,
      0.02073110647226169,
      0.0,
      0.0027889519751353926,
      0.006654612732233699,
      0.0,
      0.0015300269724151745,
      0.0,
      0.0,
      0.0,
      0.016670660405457297,
      0.009382987894047307,
      0.0,
      0.008720805711832463,
      0.009197087149029828,
      0.0019498579483439738,
      0.027620745295110632,
      0.011519670911007425,
      0.021646655607757165,
      0.01516111482184504,
      0.005654357505418091,
      0.0049981818496739345,
      0.0075519745933030555,
      0.0,
      0.006762547236537292,
      0.002401591968253604,
      0.01841271355717171,
      0.007113992851545944,
      0.0,
      0.004469529536520169,
      0.012069285450581148,
      0.0,
      0.011193126958206843,
      0.02046891535001369,
      0.011281707696437888,
      0.0,
      0.003571222738834778,
      0.020579806803022693,
      0.0075984878043002906,
      0.010154813286475266,
      0.0,
      0.00824125324622172,
      0.007943389976314852,
      0.0,
      0.0,
      0.009019049249498068,
      0.0,
      0.0,
      0.012225868928426843,
      0.006251947369996749,
      0.005732867487188509,
      0.009146634780685756,
      0.0,
      0.02173780937866675,
      0.007542340514568782,
      0.01199441648070565,
      0.0,
      0.01414091836413683,
      0.0,
      0.0,
      0.0026521296126059803,
      0.006053574525253838,
      0.0,
      0.005215057206779743,
      0.00684266050613644,
      0.0,
      0.009182257461129675,
      0.006492382338056924,
      0.004966688877577873,
      0.0,
      0.01461493953846419,
      0.0,
      0.007495181882393354,
      0.0018810634896521952,
      0.001687860407125556,
      0.019242366485849042,
      0.0067131306245134465,
      0.0,
      0.029298611514188545,
      0.008700738704945242,
      0.0108819834301935,
      0.010453668441408052,
      0.012898149749279234
    ],
    "low_data": false
  },
  "500000": {
    "median": 0.007208785620074202,
    "p90": 0.018046799529790193,
    "p10": 0.0,