{
  "100000": {
    "median": 0.0012043577911010446,
    "p90": 0.015501569423869039,
    "p10": 0.0,
    "sample": [
      4.121787481795366e-05,
      0.00017556766738505223,
      0.0002045937745597005,
      0.001205908437851263,
      0.004343791146776441,
      0.0,
      0.0,
      0.003744262060963466,
      0.007831763092851208,
      0.0,
      0.0,
      0.005117868536691054,
      0.0,
      0.0,
      0.003842978466844873,
      0.007818037899561453,
      0.0,
      0.0020559953317933026,
      0.01126867633790386,
      0.0,
      0.0,
      0.0028233720064608212,
      0.012776713030610622,
      0.0,
      0.009694598217550532,
      0.0025083955994452496,
      0.0,
      0.010479311654359653,
      0.0,
      0.0005423323628422994,
      0.007927012259116304,
      0.0004821051918779999,
      0.0006976249588858776,
      0.0,
      0.0019375142968573822,
      0.0,
      0.004593247298708268,
      0.0,
      0.00039834302693144807,
      0.0,
      0.0170262516994831,
      0.01689324372322294,
      0.011507993464051736,
      0.020029885401514118,
      0.016487348434860032,
      0.0,
      0.015047008143093177,
      0.01704130621823912,
      0.0,
      0.0,
      0.021989054750026025,
      0.0,
      0.0,
      0.003662561520114664,
      0.007470063708929016,
      0.0,
      0.0,
      0.01926867084835882,
      0.0,
      0.0012767127591757506,
      0.010886708692033922,
      0.005733022811550591,
      0.0,
      0.0,
      0.0038323709825750204,
      0.0,
      0.005179743811740198,
      0.0034283321051839116,
      0.015363054428427846,
      0.0,
      0.00038158006689020764,
      0.006852209436921915,
      0.0018115814431758867,
      0.0,
      0.01584433659173341,
      0.023996803450252,
      0.012798199699739974,
      0.015676643805024933,
      0.0,
      0.0,
      0.004663074387629541,
      0.0,
      0.0,
      0.015516959978918058,
      0.010748610124150685,
      0.0012028071443508264,
      0.0,
      0.006160967470778064,
      0.003045668760697625,
      0.0,
      0.002300228988174988,
      0.0,
      0.0,
      3.6330884698384565e-05,
      0.0,
      0.007297398494551562,
      0.020002101369703252,
      0.0,
      0.0,
      0.01347837402058111,
      0.007103740144375708,
      0.019082080555132955,
      0.022663067123621695,
      0.0,
      0.0045652328764268744,
      0.004443117269722008,
      0.0016788293341660112,
      0.0,
      0.0,
      0.0027275375839042114,
      0.0006759529327646244,
      0.0013032549833564655,
      0.0,
      0.0014525080167015836,
      0.015202415669521293,
      0.0,
      0.0,
      0.010907861022150037,
      0.0,
      0.0,
      0.0,
      0.0,
      0.0,
      0.0,
      0.005440046575354468,
      0.009375295837860915,
      0.009000537638834303,
      0.012166481305654998,
      0.011537096618060984,
      0.0,
      0.00010491982360243644,
      0.0
    ],
    "low_data": false
  },
  "250000": {
    "median": 0.0025750468973494336,
    "p90": 0.01797519296394558,
    "p10": 0.0,
    "sample": [
      9.402245867048682e-05,
      0.00040048895833403355,
      0.0006195253863988711,
      0.002050634453419749,
      0.005146577720065758,
      0.0,
      0.0007820786943504344,
      0.004590914610547439,
      0.009843332903400098,
      0.0,
      0.0,
      0.006305880878499505,
      0.0,
      0.00028464116654897684,
      0.005241912885648889,
      0.009952175851695623,
      0.0,
      0.0038586212029903567,
      0.014321284107456263,
      0.0,
      0.0,
      0.004335188850010297,
      0.014633605267321699,
      0.0,
      0.015568448528892706,
      0.004725869519805013,
      0.0,
      0.011296885236796027,
      0.0,
      0.0014953170366339944,
      0.009181811667870571,
      0.0014609426177254064,
      0.0010383896721305166,
      0.0,
      0.002409885493163868,
      0.0,
      0.004830965834919322,
      0.0,
      0.0012760842435843838,
      0.0,
      0.01855649085264672,
      0.01864508670129879,
      0.015699941191669106,
      0.02308280370861907,
      0.019933043850811426,
      0.0,
      0.01703768134291987,
      0.018063852483565693,
      0.0,
      0.0,
      0.02513349415262424,
      0.0,
      0.0,
      0.006738630103807801,
      0.0093611411887131,
      0.0,
      0.0,
      0.02129722346482251,
      0.0,
      0.003938940918904221,
      0.014525505784459852,
      0.0069222540306818564,
      0.0,
      0.0,
      0.00528624096217994,
      0.0,
      0.009371741596510365,
      0.00870208993087811,
      0.020713457109634924,
      0.002434270527396516,
      0.0019143777190869023,
      0.010095281021770965,
      0.0031219787347615997,
      0.0,
      0.016479567424737118,
      0.024349247156631355,
      0.014088247153859668,
      0.018237196448160454,
      0.0,
      0.0,
      0.006573594874555576,
      0.0,
      0.0,
      0.016020564274795594,
      0.012188560022970927,
      0.0024407119492777262,
      0.0,
      0.007840844008378579,
      0.005311056826471816,
      0.0,
      0.002999459964354848,
      0.0,
      0.0,
      0.00018764100237163764,
      0.0,
      0.007840502434492958,
      0.021647361545129702,
      0.0,
      0.002692658359260927,
      0.015018125939918896,
      0.008667720014735456,
      0.020906076996796103,
      0.024848963241914893,
      0.0,
      0.005159862088844144,
      0.00554273818518824,
      0.004216186809193616,
      0.0,
      0.0,
      0.0039634124131195545,
      0.00245743543543794,
      0.003883380614033272,
      0.0,
      0.00545390431343471,
      0.01717725728736451,
      0.0,
      0.0,
      0.013976896485173033,
      0.0013051672486545933,
      0.0,
      0.0009282469966632977,
      0.0,
      0.0,
      0.0005936391111366996,
      0.011790775550625795,
      0.013654992328836718,
      0.011393217262250552,
      0.022766754796491522,
      0.017097744556944797,
      0.0024001444741386154,
      0.005161807424743026,
      0.0013373488188408189
    ],
    "low_data": false
  },
  "500000": {
    "median": 0.005659785420061474,
    "p90": 0.022106308194550284,
    "p10": 0.0,