{
  "100000": {
    "median": 0.0,
    "p90": 0.012814886013855794,
    "p10": 0.0,
    "sample": [
      3.825841445887367e-06,
      1.5076975798990712e-05,
      0.005587235540613255,
      0.018109128975134493,
      0.0,
      0.0,
      0.003194501712894134,
      0.010476919522235366,
      0.008430576050901698,
      0.0,
      0.0036787071485030313,
      0.0,
      0.0,
      0.0,
      0.0,
      0.006740759024892636,
      0.0,
      0.0,
      0.0,
      0.0,
      0.014763680929284049,
      0.0,
      0.0,
      0.0,
      0.0,
      0.010470691403715919,
      0.0024294964808395207,
      0.0022688096302365293,
      0.009429527018990915,
      0.0,
      0.03330612015348746,
      0.002573471494333474,
      0.014011365688818634,
      0.0,
      0.01708242701035875,
      0.0003208886812963588,
      0.0,
      0.0,
      0.0,
      0.03558334087986759,
      0.020932496285805832,
      0.016896571523348385,
      0.008937487020773422,
      0.0,
      0.0,
      0.0,
      0.03448300779794372,
      0.004843576180547363,
      0.0,
      0.0,
      0.01507999103183266,
      0.0,
      0.003296616332940172,
      0.0022056234179442585,
      0.0,
      0.0,
      0.00015463038948444876,
      0.010156176609817383,
      0.0,
      0.0,
      0.006631547025702351,
      0.0,
      0.0,
      0.0,
      0.0,
      0.010241271199476338,
      0.0,
      0.0013649853052709634,
      0.0,
      0.0,
      0.0,
      0.0,
      0.0,
      0.0,
      0.0,
      0.014574631206194474,
      0.0,
      0.0,
      0.0045714870033569345,
      0.005358956490519596,
      0.0,
      0.0,
      0.0008030745242905158,
      0.0005526997652541835,
      0.008604521586382145,
      0.003642225350687257,
      0.0017912482829354195,
      0.0,
      0.0,
      0.0,
      0.01418398380575426,
      0.0,
      0.010234837965837192,
      0.017722125995042377,
      0.0,
      0.0,
      0.0,
      0.01018719724162106,
      0.0,
      0.0018824089948506156,
      0.01784460335908873,
      0.015817527878502515,
      0.0,
      0.015456454320039502,
      0.0,
      0.004177650568008404,
      0.0,
      0.010488812285449385,
      0.008417522575292432,
      0.0,
      0.009600255503410841,
      0.0,
      0.0,
      0.0,
      0.002544053616747972,
      0.01730257523057898,
      0.0,
      0.0,
      0.004412632062307362,
      0.01024316419652487,
      0.0,
      0.0,
      0.0044401232743452685,
      0.0,
      0.0,
      0.0032352886603336304,
      0.007326269239221238,
      0.0,
      0.0007469683880457903,
      0.01015141460584476,
      0.0,
      0.0,
      0.00200630817912942,
      0.01280263899922641,
      0.0,
      0.005795855506270044,
      0.0009243197643930727,
      0.0,
      0.009017324756031933,
      0.0,
      0.0,
      0.006490741379266164,
      0.0,
      0.00046886679607343674,
      0.0,
      0.0014343204050648838,
      0.0,
      0.0032343144429471814,
      0.0,
      0.0,
      0.0,
      0.011850949791090528,
      0.011858495580704696,
      0.006355421993204239,
      0.012933121536883089,
      0.010332631828114242,
      0.0,
      0.01137875530250974,
      0.013691720146460225,
      0.0,
      0.0,
      0.01766214408791608,
      0.0,
      0.0,
      0.0013223061130529284,
      0.006382357650757389,
      0.0,
      0.0,
      0.020383272236218306,
      0.0,
      0.0,
      0.009623777493391631,
      0.005472028144349616,
      0.0,
      0.0,
      0.002984427994644785,
      0.0,
      0.0021643347004848923,
      0.0,
      0.013091747583187213,
      0.0,
      0.0,
      0.0038530701193145098,
      0.0007224593383576282,
      0.0,
      0.012068496094637055,
      0.016965578957029423,
      0.008396832523967565,
      0.011738826951170076,
      0.0,
      0.0,
      0.002784422764620046,
      0.0,
      0.0,
      0.013042212137230376,
      0.008910948779672195,
      0.0004442861020042939,
      0.0,
      0.0037287794886249,
      0.001144064709533031,
      0.0,
      0.001495878967397624,
      0.0,
      0.0,
      0.0001238821685074926,
      0.0,
      0.004889511259561674,
      0.012823050690275383,
      0.0,
      0.0,
      0.006719487816207094,
      0.0033565091091831223,
      0.00928753186167929,
      0.01093897090062395,
      0.0,
      0.0022205825675968194,
      0.002126664366927035,
      3.860291169886706e-05,
      0.0,
      0.0029220641901673045,
      0.0,
      0.0010778839248843492,
      0.0,
      0.0,
      0.0,
      0.0,
      0.0,
      0.009090958538273202,
      0.0,
      0.0,
      0.006815155414625475,
      0.0,
      0.0,
      0.0,
      0.0,
      0.0,
      0.0,
      0.000659009503214608,
      0.005092717026052169,
      0.005729162629764756,
      0.003391113115400159,
      0.006390199409875267,
      0.0,
      0.0,
      0.0
    ],
    "low_data": false
  },
  "250000": {
    "median": 4.827250972286898e-06,
    "p90": 0.013010375725904794,
    "p10": 0.0,