{
  "100000": {
    "median": 0.0031644248930345845,
    "p90": 0.015813879658377297,
    "p10": 0.0,
    "sample": [
      0.00019781472509816843,
      0.0005231326332650479,
      0.030438695379120764,
      0.015597077751740107,
      0.013431361505583488,
      0.02322897508620574,
      0.0038385846174609395,
      0.004570021889712542,
      0.010358974182652537,
      0.015345816273561906,
      0.0041099392179405605,
      0.0056948085625487975,
      0.0010547654747734966,
      0.0,
      0.006329252262895284,
      0.0016278393628437861,
      0.01223855464614837,
      0.0023282615096862714,
      0.01279882754844335,
      0.008163110499618863,
      0.0,
      0.0,
      0.008525102853566146,
      0.002303064714023837,
      0.006718022152388685,
      0.010019463062595518,
      0.0,
      0.0,
      0.0038172314865973604,
      0.0,
      0.0,
      0.0,
      0.0,
      0.0,
      0.0027208207510984587,
      0.014612575615156196,
      0.0,
      0.0,
      0.0,
      0.018663651461606943,
      0.005167239187053749,
      0.0009326290458598458,
      0.0027137080454290438,
      0.0,
      0.02119217770601734,
      0.0007823939822970495,
      0.0036169579139605293,
      0.0,
      0.0,
      0.016184519858928294,
      0.0008964277850180015,
      0.0,
      0.021439152118291782,
      0.0013273470354431473,
      0.007883727234089333,
      0.013345926807801426,
      0.0006708453708622257,
      0.006705209112991964,
      0.0009633631563284817,
      0.0046014779910415375,
      0.0,
      0.005508686775639935,
      0.0,
      0.0,
      0.0072009087526747565,
      0.0007468996815627427,
      0.0,
      0.0,
      0.0,
      0.007313791660860556,
      0.027103348844047203,
      0.009561585345460036,
      0.015906794761221803,
      0.005385286253410527,
      0.0,
      0.0035020634006701743,
      0.005014573646121139,
      0.022117787185134814,
      0.0,
      0.0,
      0.0,
      0.0,
      0.02938417823984494,
      0.0,
      0.0,
      0.0,
      0.0,
      0.018736127618205763,
      0.0019349440084041587,
      0.011762831909897171,
      0.0028267863853989952,
      0.011991939601763075,
      0.004958083903184522,
      0.0,
      0.006165788740322864,
      0.014043634270140359,
      0.0,
      0.004111713328236545,
      0.004761994316710498,
      0.004826269862081689,
      0.004425120990130248,
      0.0052289997220069115,
      0.006793198957000148,
      0.004728829324269667,
      0.007275644278232488,
      0.0,
      0.0,
      0.012014825745198441,
      0.0,
      0.0,
      0.005947433640039622,
      0.001562024334770223,
      0.0,
      0.020782673473816564
    ],
    "low_data": false
  },
  "250000": {
    "median": 0.004541504758918931,
    "p90": 0.016088044361700797,
    "p10": 0.0,
    "sample": [
      0.00045123691837830763,
      0.0011933224749598541,
      0.03091857926643225,
      0.016106888514606423,
      0.014022477687892068,
      0.023734901563440394,
      0.004233806097717005,
      0.0048322020756377745,
      0.010670869562262084,
      0.015808444055944657,
      0.0045722366576047505,
      0.006159367251489892,
      0.0020896800929023043,
      0.0,
      0.006958564236617105,
      0.002317659220593616,
      0.012498613254647377,
      0.0031078445378722517,
      0.014120131373007737,
      0.008951883875644249,
      0.0010927050596130899,
      0.0,
      0.009229470097024017,
      0.0031169372473243626,
      0.00750968383703741,
      0.010721937104395556,
      0.0,
      0.0,
      0.0056417820563124475,
      0.0,
      0.0,
      0.0008253071269936577,
      0.0,
      0.0,
      0.004358641539518753,
      0.016044074671587673,
      0.0,
      0.0,
      0.0,
      0.01958393903980574,
      0.006033905945221042,
      0.0032935102652620245,
      0.004272372336515517,
      0.0,
      0.022984545014084413,
      0.0016426625761743264,
      0.005350043361773806,
      0.0,
      0.0,
      0.017168408412882308,
      0.002610913700830884,
      0.0,
      0.023195354205315204,
      0.002552083213713152,
      0.008334134869701719,
      0.014716169037730067,
      0.004057649926144914,
      0.009132435094229969,
      0.003319035109729894,
      0.005839699057420771,
      0.0,
      0.006184024147247455,
      0.0,
      0.0,
      0.009403738305812676,
      0.0019495340506706222,
      0.0,
      0.0,
      0.0,
      0.009704829130092098,
      0.03043736632282303,
      0.012429722197978742,
      0.01600717724918041,
      0.005928922052630758,
      0.0,
      0.004510772860233113,
      0.006019382244474833,
      0.023676624188380443,
      7.879018542884461e-05,
      0.0,
      0.0,
      0.0,
      0.031803257861140126,
      0.005100967885894882,
      0.0,
      0.0015948249684053293,
      0.0,
      0.02148796506027273,
      0.003125776227906113,
      0.012559283230656504,
      0.0053256199732750024,
      0.013896612091234445,
      0.006180122194316042,
      0.0,
      0.007642961424024696,
      0.015437002501550121,
      0.0,
      0.005340505773079119,
      0.005547251611473805,
      0.005446946229029726,
      0.005311023274312609,
      0.0071460417665236056,
      0.007601683419674296,
      0.005495778840737107,
      0.007714310680317589,
      0.0,
      0.0,
      0.014199228305950882,
      0.0,
      0.0,
      0.007874746210613421,
      0.0034341763557599473,
      0.0,
      0.022108393004473453
    ],
    "low_data": false
  },
  "500000": {
    "median": 0.006677827811152837,
    "p90": 0.018051819300825275,
    "p10": 0.0,