{
  "100000": {
    "median": 0.003334940036695839,
    "p90": 0.017755782399107144,
    "p10": 0.0,
    "sample": [
      3.685116394564532e-05,
      6.364904340328956e-05,
      0.005716967477814845,
      0.0,
      0.03645446719262142,
      0.0,
      0.0,
      0.0,
      0.0,
      0.012270435740844122,
      0.0,
      0.002370452396737368,
      0.006710407725798093,
      0.0,
      0.0,
      0.0,
      0.0,
      0.025930220366072974,
      0.01762149918325525,
      0.009209751083876956,
      0.017829596302690726,
      0.003334940036695839,
      0.003852596976283867,
      0.007816101911594674,
      0.011895205418963028,
      0.0038253703705076122,
      0.00582890545695956,
      0.0004961167909744757,
      0.0,
      0.005101627712933283,
      0.0013153856955825656,
      0.010850765936378428,
      0.0018805724371968445,
      0.012937805971395377,
      0.008733254447647535,
      0.0,
      0.0,
      0.011063545375134697,
      0.003449164730751587,
      0.01167398494794918,
      0.017143620393829846,
      0.0,
      0.0,
      0.005124345394148996,
      0.0,
      0.0,
      0.0,
      0.0,
      0.0,
      0.004702663710363344,
      0.0380432683998535,
      0.0,
      0.0,
      0.0,
      0.03401698179847755,
      0.009265600127611583,
      0.00013115594461908238,
      0.00307924509495964,
      0.0,
      0.03181432857208854,
      0.0012695228595075432,
      0.005871726110708743,
      0.0,
      0.0,
      0.02262671297226882,
      0.0010897739371185638,
      0.0,
      0.017755782399107144,
      0.002216278907517616,
      0.012283128021519365,
      0.010658610952456446,
      0.0,
      0.005434813291020344,
      0.0006040731204817959,
      0.003563921903155798,
      0.0,
      0.004591416059844951,
      0.0,
      0.0,
      0.005359964749632909,
      0.0008940286967074721,
      0.0,
      0.0,
      0.0,
      0.006566317230550012,
      0.027796990553239587,
      0.010219080786779794,
      0.01677630641867738,
      0.006170438351692389,
      0.0,
      0.0036131148123835274,
      0.00496471947925514,
      0.022189739385648322,
      0.0,
      0.0,
      0.0,
      0.0,
      0.03051312323209264,
      0.007029783654470585,
      0.0,
      0.0,
      0.0,
      0.01928706758641113,
      0.0035195661652933025,
      0.014713126791972205,
      0.0029269857103189243,
      0.009588115082442443,
      0.006050636234962512,
      0.01619394208371155,
      0.0,
      0.00859021203464622,
      0.022788447797189255,
      0.0,
      0.008026530338617924,
      0.0,
      0.007717747284344647,
      0.007646696641491375,
      0.00822721257393412,
      0.006007898040681983,
      0.01094867657835503,
      0.0043544809048384515,
      0.009898617211544737,
      0.0,
      0.0,
      0.010698075530274853,
      0.0,
      0.0,
      0.005999423286221762,
      0.0015379703130182114,
      0.0,
      0.02108192809411226
    ],
    "low_data": false
  },
  "250000": {
    "median": 0.004718841503495064,
    "p90": 0.02006013836155916,
    "p10": 0.0,
    "sample": [
      8.40615158918761e-05,
      0.0001451903956531771,
      0.005896044902075549,
      0.0,
      0.036999290064206214,
      0.0,
      0.0,
      0.0,
      0.0,
      0.012950571948961914,
      0.0,
      0.004037073524372931,
      0.00755076548994757,
      0.0,
      0.0,
      0.0,
      0.0,
      0.02705072535078605,
      0.017894569249315265,
      0.009902290685701715,
      0.018152440053343228,
      0.004255836145229831,
      0.004859780711919311,
      0.008276100587011075,
      0.012932588210541274,
      0.004718841503495064,
      0.007385306676782883,
      0.0008377222561374981,
      0.0,
      0.005709995691176613,
      0.0018613835961694312,
      0.011200286316217995,
      0.0021769181712557343,
      0.013127662608381819,
      0.009193672095937067,
      0.0,
      0.0,
      0.011974279692261862,
      0.004918881198621579,
      0.012526679653827373,
      0.01822374099288837,
      0.0,
      0.0,
      0.006284365254203138,
      0.0,
      0.0,
      0.0,
      0.0,
      0.0,
      0.0055700315111249865,
      0.040175338277506745,
      0.0,
      0.0,
      0.0,
      0.036085556369490276,
      0.011614178586928911,
      0.002208512672101746,
      0.003903127070771188,
      0.0,
      0.033857587168495865,
      0.002690106560442387,
      0.009316161633521012,
      0.0,
      0.0,
      0.026151969867804048,
      0.0029424852989292844,
      0.0,
      0.02006013836155916,
      0.004638796060173494,
      0.02001312890174695,
      0.01187368542953661,
      0.0009492337419486456,
      0.007719529437718272,
      0.002230209819558629,
      0.0043819841750795405,
      0.0,
      0.005140742971348614,
      0.0008490744521871543,
      0.0,
      0.006368133575966671,
      0.0022624871790757894,
      0.0,
      0.0,
      0.0,
      0.007570050875362171,
      0.029605842886277062,
      0.010501800420326234,
      0.01750023318215862,
      0.0075228335974958545,
      0.0,
      0.00477122439132133,
      0.005805104578290476,
      0.024051372522411105,
      0.0,
      0.0,
      0.0,
      0.0,
      0.032233469614795236,
      0.02222575504244626,
      0.0,
      0.00030818878483545404,
      0.0,
      0.02044802648807099,
      0.0065825745205949325,
      0.017900362130086944,
      0.0054373229752657905,
      0.011185984267865736,
      0.008052783462789155,
      0.016883348690542192,
      0.0,
      0.009985932055369748,
      0.02459721093879453,
      0.0,
      0.011342432962696295,
      0.0,
      0.010412171759885508,
      0.010936531972954109,
      0.013248183215394308,
      0.008370963976892465,
      0.017256672631476424,
      0.005235810552680887,
      0.014751292992560974,
      0.005019000485540189,
      0.0,
      0.012637397991884812,
      0.001690548019834006,
      0.0,
      0.007930942591219188,
      0.003372286393876994,
      0.0,
      0.025012113615424013
    ],
    "low_data": false
  },
  "500000": {
    "median": 0.006200974951601784,
    "p90": 0.026922186559093803,
    "p10": 0.0,