{
  "100000": {
    "median": 0.002948439727910304,
    "p90": 0.015054384407161232,
    "p10": 0.0,
    "sample": [
      3.845210793174097e-05,
      0.00021475822315838297,
      0.008763511939722765,
      0.001614907972250632,
      0.004925569750435234,
      0.0038707521843774715,
      0.0,
      0.0,
      0.012688418983797354,
      0.006090157495626552,
      0.002541417859605203,
      0.013006707926056259,
      0.0,
      0.013519642867573815,
      0.0,
      0.007765375490567469,
      0.0,
      0.004980057828464363,
      0.0,
      0.000690534052710912,
      0.004873377986323553,
      0.0066311138801345045,
      0.010281132623621316,
      0.015137353900793848,
      0.0,
      0.0,
      0.0032308069943447954,
      0.0,
      0.0,
      0.0,
      0.008305127682619722,
      0.0,
      0.00668195089693941,
      0.010080776751807519,
      0.0,
      0.0,
      0.013251984722034782,
      0.014862689806028057,
      0.0,
      0.0030182612105022844,
      0.0,
      0.013121589679488127,
      0.015018826052747252,
      0.007962121925610579,
      0.0,
      0.0,
      0.016206255482137825,
      0.0,
      0.010931200509237743,
      0.0047741224381573485,
      0.015390963412544048,
      0.0,
      0.0,
      0.01500924814884025,
      0.0,
      0.008754325278428305,
      0.0,
      0.0,
      0.0,
      0.0,
      0.0,
      0.0,
      0.0,
      0.0,
      0.0,
      0.0,
      0.011376488141719512,
      0.013084592346109614,
      0.0,
      0.00681037059348729,
      0.0,
      0.0,
      0.000765173186839076,
      0.0,
      0.016055640129421588,
      0.015291315111755745,
      0.0,
      0.006638853345888217,
      0.0,
      0.017115880066825098,
      0.0,
      0.024389217200106533,
      0.0,
      0.0,
      0.0,
      0.0,
      0.009860795967802604,
      0.0,
      0.002284897623444648,
      0.00630387102162387,
      0.0,
      0.0,
      0.0,
      0.0,
      0.02262955399837063,
      0.015764532706350236,
      0.00788351248126597,
      0.01471384677974799,
      0.003369626146363023,
      0.003316099754086966,
      0.008526960249448455,
      0.010726243419606067,
      0.00351758178463887,
      0.0048148653490628175,
      0.0025210000622178886,
      0.0,
      0.0073106673788849285,
      0.002318561240904048,
      0.010490776568126893,
      0.0044391145522870695,
      0.00977048358695163,
      0.007335313004138797,
      0.00023114923580758498,
      0.0,
      0.0056612341073423835,
      0.004077089033525648,
      0.005281598902026931,
      0.008978233263740708,
      0.0037852990534195177,
      0.0,
      0.002986974207053661,
      0.0,
      0.0,
      0.0,
      0.0,
      0.0,
      0.0059853631455422975,
      0.017865975239428483,
      0.00021847230006645253,
      0.0,
      0.0,
      0.022929632622891053,
      0.006371298486048877,
      0.0027851769706171096,
      0.007772486703966632,
      0.0,
      0.02426115040224404,
      0.0027660367994891987,
      0.0029099052487669467,
      0.0,
      0.0,
      0.022285523111675715,
      0.002557793831209475,
      0.0,
      0.026175229916434724,
      0.0009877364318454519,
      0.010528463627331792,
      0.014989673614565178,
      0.004516785635193296,
      0.008842693749313072,
      0.0013643040605067786,
      0.006383881245391879,
      0.0,
      0.012918182765833695,
      0.0009059230331986527,
      0.002317328530110696,
      0.006058860086407483,
      0.004948805330093041,
      0.0,
      0.0,
      0.0,
      0.006058834065110613,
      0.02286425657668542,
      0.00723831720040737,
      0.011858905485300643,
      0.004499088748416528,
      0.0,
      0.002674492723871081,
      0.003671684545949759,
      0.018573699575709486,
      0.0,
      0.0,
      0.0,
      0.0,
      0.02595532635041837,
      0.006452399118324331,
      0.0,
      0.0,
      0.0,
      0.018083575075847708,
      0.003958886352633615,
      0.012737337579761752,
      0.0015315889831150594,
      0.011391842129274073,
      0.00760057521880465,
      0.01972243366934796,
      0.0,
      0.011230675659275685,
      0.023138334131736955,
      0.0,
      0.0059612575266817375,
      0.0,
      0.007438170501587763,
      0.008907413354603988,
      0.006755146423556897,
      0.00944332768827446,
      0.009753477323462517,
      0.00763448770692119,
      0.0075479276695478905,
      0.0,
      0.0,
      0.008317094465124854,
      0.0,
      0.0,
      0.0043417867296570226,
      0.0017072808694243546,
      0.0,
      0.019449175403906137
    ],
    "low_data": false
  },
  "250000": {
    "median": 0.005090221763731572,
    "p90": 0.017412998219987704,
    "p10": 0.0,