{
  "100000": {
    "median": 0.001123055416935607,
    "p90": 0.016939588549704763,
    "p10": 0.0,
    "sample": [
      5.154498743919551e-05,
      7.477073095913375e-05,
      0.0,
      0.0,
      0.0,
      0.0,
      0.0,
      0.0,
      0.010804239144108574,
      0.012177075463193486,
      0.0,
      0.005670040005132304,
      0.0,
      0.0,
      0.0,
      0.0,
      0.01304485630515731,
      0.012368519135064824,
      0.0,
      0.004951102369624786,
      0.0,
      0.01320479180069477,
      0.0,
      0.01672636193897857,
      0.0,
      0.0,
      0.0,
      0.0,
      0.005977465840997608,
      0.0,
      0.0010911270641059444,
      0.003075543508665129,
      0.0,
      0.0,
      0.00026628671722744553,
      0.0,
      0.0188586280462406,
      0.014212873198000344,
      0.00788761136629837,
      0.014408553401938053,
      0.002901109524886752,
      0.0037232632703873593,
      0.008870844666447478,
      0.013085671591610122,
      0.004139658020356158,
      0.004929770789328451,
      0.000820703158049667,
      0.0,
      0.004926789297971694,
      0.0011549837697652698,
      0.011194492916803757,
      0.003023153840531611,
      0.011462822199503392,
      0.008909964307453711,
      0.0,
      0.0,
      0.009498348296467642,
      0.0038418568181818585,
      0.006790494999081553,
      0.010453950215339578,
      0.0,
      0.0,
      0.0027316667550045842,
      0.0,
      0.0,
      0.0,
      0.0,
      0.0,
      0.004116035695778781,
      0.03650534562281872,
      0.0,
      0.0,
      0.0,
      0.03779419820108749,
      0.008564988172850223,
      0.0,
      0.0033098759754841963,
      0.0,
      0.038291098754392426,
      0.000324129771912721,
      0.004488417032695234,
      0.0,
      0.0,
      0.030268819193187597,
      0.0,
      0.0,
      0.030360971026005743,
      0.0006110880194396968,
      0.012341820215190986,
      0.020591162486802435,
      0.0,
      0.007691494893802182,
      0.0,
      0.006465056569079838,
      0.0,
      0.008721000346122438,
      0.0,
      0.0,
      0.00950601100221028,
      0.0,
      0.0,
      0.0,
      0.0,
      0.011015919334876138,
      0.050185047132113726,
      0.014323105990549164,
      0.023735214831265075,
      0.007403163536782194,
      0.0,
      0.0030400718859306423,
      0.004988599745898254,
      0.02396581496266639,
      0.0,
      0.0,
      0.0,
      0.0,
      0.03750605112816072,
      0.0,
      0.0,
      0.0,
      0.0,
      0.02460790767280063,
      0.0016183221500312027,
      0.016412866080401135,
      0.0014615799275714955,
      0.01570627329177598,
      0.008498110563523037,
      0.030526897416025482,
      0.0,
      0.013469434961134133,
      0.03973521521143577,
      0.0,
      0.010401861073082264,
      0.0,
      0.009972340257230344,
      0.009506371633571818,
      0.007936463125524087,
      0.007146613225527342,
      0.010414024974554221,
      0.006465926588273273,
      0.010685381921716978,
      0.0,
      0.0,
      0.01468604139902931,
      0.0,
      0.0,
      0.0062444229926161285,
      0.00033146553419229085,
      0.0,
      0.02562040934556737
    ],
    "low_data": false
  },
  "250000": {
    "median": 0.001731392411096329,
    "p90": 0.018210514057376545,
    "p10": 0.0,
    "sample": [
      0.00011757972657681848,
      0.00017056017546797594,
      0.0,
      0.0,
      0.0,
      0.0,
      0.0,
      0.0,
      0.011107910986214142,
      0.012467055861851688,
      0.0,
      0.0058068740477961985,
      0.0,
      0.0,
      0.0,
      0.0,
      0.013898188051305951,
      0.013684949859437185,
      0.0,
      0.005707777460387451,
      0.0,
      0.01412944609719512,
      0.0,
      0.018115712346196876,
      0.0,
      0.0,
      0.0,
      0.0,
      0.0068657966688641225,
      0.0,
      0.0018268134378632327,
      0.0035333142531042655,
      0.0,
      0.0,
      0.0026044705447862727,
      0.0,
      0.019063729457993624,
      0.014993497526667524,
      0.008992844653247437,
      0.015548624824108823,
      0.0036722410741966303,
      0.004722740516914641,
      0.010039260442725044,
      0.0147797903366118,
      0.005664917611957521,
      0.005740084067817371,
      0.0016347325717500278,
      0.0,
      0.005575859802401085,
      0.0014867966128268625,
      0.012418063597972586,
      0.004941399565926794,
      0.01191001168062077,
      0.010401893820009613,
      0.0010390230371042932,
      0.0,
      0.013095005580441715,
      0.006965010145362903,
      0.007495433148415974,
      0.011742965161373029,
      0.0,
      0.0,
      0.003516777750670311,
      0.0,
      0.0,
      0.0,
      0.0,
      0.0,
      0.004208341785687969,
      0.03686128767866015,
      0.0,
      0.0,
      0.0,
      0.03883015250853176,
      0.00878471363135811,
      0.0,
      0.0038085002132177597,
      0.0,
      0.03876164809740328,
      0.00047232411485000704,
      0.004962411834477402,
      0.0,
      0.0,
      0.030369226695082824,
      0.0,
      0.0,
      0.03056186447716613,
      0.0006701683027387015,
      0.01241593833978939,
      0.020651355917297637,
      0.0,
      0.007902509739692283,
      0.0,
      0.006722290800355065,
      0.0,
      0.00907561475869155,
      0.0,
      0.0,
      0.009743596089743341,
      9.120823239309203e-05,
      0.0,
      0.0,
      0.0,
      0.011293370902393228,
      0.05034271763232401,
      0.01449785019907705,
      0.023849279874837738,
      0.007515316105899816,
      0.0,
      0.00323167309684384,
      0.005144480503038986,
      0.02407809078596403,
      0.0,
      0.0,
      0.0,
      0.0,
      0.03759239498531444,
      0.0,
      0.0,
      0.0,
      0.0,
      0.02470247242842441,
      0.001779862888327262,
      0.01653883971639572,
      0.0016829219338653962,
      0.016015290342164944,
      0.0086794066411107,
      0.03069323779961022,
      0.0,
      0.01355517815127972,
      0.03981700194837985,
      0.0,
      0.010548529122221637,
      0.0,
      0.010054661969009091,
      0.009651950948545885,
      0.008006917920420645,
      0.007230215295591525,
      0.01050110478033506,
      0.006565972586116075,
      0.010834889566388282,
      0.0,
      0.0,
      0.014798039868066383,
      0.0,
      0.0,
      0.006399071326043376,
      0.0005752763666865339,
      0.0,
      0.025848102852008677
    ],
    "low_data": false
  },
  "500000": {
    "median": 0.0031508200090084202,
    "p90": 0.01946783586000428,
    "p10": 0.0,