{
  "100000": {
    "median": 0.0015120969249238585,
    "p90": 0.0141038370090268,
    "p10": 0.0,
    "sample": [
      0.0004673132289678061,
      0.0011120606359018204,
      0.0,
      0.0,
      0.0,
      0.0,
      0.007964848350197689,
      0.00938575234478058,
      0.0,
      0.004825102827706411,
      0.0,
      0.0,
      0.0002873221086626828,
      0.0,
      0.009636454423182244,
      0.010555250717233972,
      0.0,
      0.004938015000109998,
      0.0,
      0.012624821140530264,
      0.0,
      0.017539767205131552,
      0.0,
      0.0,
      0.0,
      0.0,
      0.007108308382293009,
      0.0,
      0.002056946926289709,
      0.003919981694510519,
      0.0,
      0.0,
      0.0,
      0.0,
      0.016947783073530686,
      0.013059875281114677,
      0.007524641747952925,
      0.014947542670237722,
      0.0030549455010767113,
      0.004169593115670893,
      0.008922307636885835,
      0.013541366568219504,
      0.004145831097218248,
      0.00606547734931101,
      0.0015120969249238585,
      0.0,
      0.00596632334276245,
      0.0018607185886080212,
      0.012438644098886982,
      0.002612387096165182,
      0.012848942273865216,
      0.009023746899376357,
      0.0,
      0.0,
      0.011157105471115751,
      0.00373066255509977,
      0.009124324355479045,
      0.012055954771197188,
      0.0,
      0.0,
      0.0029350135117330815,
      0.0,
      0.0,
      0.0,
      0.0,
      0.0,
      0.004138083687366607,
      0.017249078159665837,
      0.0,
      0.0,
      0.0,
      0.021197485900531752,
      0.0061715119089578285,
      0.0,
      0.0034574601315008374,
      0.0,
      0.022471956915177813,
      0.0002487448269818166,
      0.002556610970664193,
      0.0,
      0.0,
      0.018005515379659692,
      0.0006058532794629931,
      0.0,
      0.02334293709115677,
      0.0005801643842640244,
      0.010955917563472117,
      0.017544263906364915,
      0.0,
      0.007427658495256257,
      0.0007170943781023376,
      0.006544439181465836,
      0.0,
      0.007207017574538843,
      0.0,
      0.0,
      0.007739515400541897,
      0.0,
      0.0,
      0.0,
      0.0,
      0.009035373513189782,
      0.03849480947027587,
      0.011735905596570671,
      0.0185710120388489,
      0.004954289423283976,
      0.0,
      0.002549080383013206,
      0.0032294547155362866,
      0.015311476858313636,
      0.0,
      0.0,
      0.0,
      0.0,
      0.017997041869731237,
      0.0,
      0.0,
      0.0,
      0.0,
      0.01199985456161879,
      0.001074151566906549,
      0.011691224598745182,
      0.00107964104980638,
      0.011336005301694109,
      0.00638987237937801,
      0.0,
      0.01001120568110574,
      0.02709018292034836,
      0.0,
      0.006756859665134553,
      0.0,
      0.008134777198355541,
      0.007198411362283329,
      0.006378712474014995,
      0.005937034847307653,
      0.008767482485359199,
      0.0058251240378530645,
      0.009610143893844457,
      0.0,
      0.0,
      0.011347410932502737,
      0.0,
      0.0,
      0.005187889184955515,
      0.0011060868400416207,
      0.0,
      0.022318830155919
    ],
    "low_data": false
  },
  "250000": {
    "median": 0.00295092195838528,
    "p90": 0.015161710988963854,
    "p10": 0.0,
    "sample": [
      0.0010659923382963655,
      0.0025367313487159853,
      0.0,
      0.0,
      0.0,
      0.0,
      0.008172393737456584,
      0.009970059364269885,
      0.0,
      0.005760512889297719,
      0.0,
      0.0,
      0.0023363639154903243,
      0.0,
      0.011106606997073415,
      0.0112343611035416,
      0.0,
      0.005968691610646816,
      0.0,
      0.014146249210374148,
      0.0,
      0.018540473722824878,
      0.0,
      0.0,
      0.0,
      0.0,
      0.007902490641242424,
      0.0,
      0.003863474186869407,
      0.004368854965048571,
      0.0,
      0.0,
      1.9485344832727118e-05,
      0.0012808763054552308,
      0.017540524127957445,
      0.014993253218081934,
      0.007820513174589969,
      0.015414397645286725,
      0.0037493065969634353,
      0.005167554733028497,
      0.009512439284040426,
      0.014026528249024449,
      0.005302756364201104,
      0.007530466672919182,
      0.0031649725069119554,
      0.0,
      0.006668608626368356,
      0.0029198179655660333,
      0.01288831884257446,
      0.0036877305375200894,
      0.013221186119945022,
      0.009993468988675189,
      0.0017737802599871052,
      0.0,
      0.012656014395941597,
      0.005879017525250967,
      0.011210154213536178,
      0.013007153566166546,
      7.885193293966043e-05,
      0.004074809755448003,
      0.0035096041723683647,
      0.0,
      0.0,
      0.0013729695828407378,
      0.0,
      0.0,
      0.007211784065950164,
      0.01964562513212403,
      8.542196545014563e-05,
      0.0,
      0.0,
      0.021768420130247625,
      0.007782523722202314,
      0.0006773427670590637,
      0.005760666745051753,
      0.0,
      0.02283268646283437,
      0.000413103915820547,
      0.002863749936284192,
      0.0,
      0.0,
      0.01981785867837473,
      0.0019801498302775234,
      0.0,
      0.025927003842966756,
      0.0006406146247969794,
      0.011414912723509082,
      0.018331549606321208,
      0.0,
      0.008673955418361592,
      0.00295092195838528,
      0.009155405446246805,
      0.0,
      0.007216412905587122,
      0.0,
      0.0,
      0.008016687069494452,
      0.0,
      0.0,
      0.0,
      0.0,
      0.010124774923802541,
      0.03988239779591582,
      0.012858277142658418,
      0.020129925082575627,
      0.007203137048197909,
      0.0,
      0.0036566226293208645,
      0.003758533311734053,
      0.01723404850228856,
      0.00023845143461904798,
      0.0,
      0.0,
      0.0,
      0.019419650156174993,
      0.00037559781702695225,
      0.0,
      0.0008986061789492087,
      0.0,
      0.012782313050805516,
      0.001128656657841823,
      0.011886002459146741,
      0.0012688376642959512,
      0.01162761624449893,
      0.006882532016420872,
      0.0,
      0.01100033735911942,
      0.0280732015896475,
      0.0,
      0.007770890902474151,
      0.0,
      0.008345035741995783,
      0.007511495632270228,
      0.00696102034653564,
      0.006197764764931765,
      0.009600249957818741,
      0.006358129341531254,
      0.010164305924954126,
      0.0,
      0.0,
      0.011953453267842782,
      3.2595960914696184e-05,
      0.0,
      0.0060163088733339596,
      0.00238978645701833,
      0.0,
      0.02347967732202717
    ],
    "low_data": false
  },
  "500000": {
    "median": 0.005061059922247133,
    "p90": 0.017085342754708133,
    "p10": 0.0,