{
  "100000": {
    "median": 0.0018226351347036072,
    "p90": 0.013162177416426293,
    "p10": 0.0,
    "sample": [
      2.2918932826920905e-05,
      1.052789615087425e-05,
      0.0,
      0.0,
      0.03387372331576657,
      0.020975062911237807,
      0.010083286095128168,
      0.018312449913239656,
      0.003094779683074029,
      0.003982833140699876,
      0.009495958693614932,
      0.01361007969114098,
      0.0035640919593770953,
      0.00510932011559361,
      0.00027486151192432633,
      0.0,
      0.005084641555970632,
      0.0011195686358336288,
      0.011712656675325351,
      0.001762309762860364,
      0.01167193445933726,
      0.00698161112785018,
      0.0,
      0.0,
      0.007137032990783806,
      0.0016083527906922495,
      0.0064205652118017945,
      0.008915027815056016,
      0.0,
      0.0,
      0.002955867305325003,
      0.0,
      0.0,
      0.0,
      0.0,
      0.0,
      0.002379448586684296,
      0.01919067236148064,
      0.0,
      0.0,
      0.0,
      0.018818116337138004,
      0.004387715477634492,
      0.0,
      0.0015415763588956177,
      0.0,
      0.018978461997285992,
      0.0002925087671362989,
      0.002160771874998359,
      0.0,
      0.0,
      0.011320842240236788,
      0.0,
      0.0,
      0.014508824791798812,
      0.0005248447406682278,
      0.005148582699366787,
      0.008377672502602362,
      0.0,
      0.0034256340451119223,
      0.0,
      0.0029710074095042533,
      0.0,
      0.003948409519586544,
      0.0,
      0.0,
      0.004397847001308619,
      0.0,
      0.0,
      0.0,
      0.0,
      0.004749802556096796,
      0.020200639038800913,
      0.005937930738701373,
      0.010537376838184039,
      0.0033327581144319573,
      0.0,
      0.0018829605065468502,
      0.002943206647701078,
      0.013553665480420739,
      0.0,
      0.0,
      0.0,
      0.0,
      0.01783334430397148,
      0.0,
      0.0,
      0.0,
      0.0,
      0.009479173631622043,
      0.0006858803942600656,
      0.0070792827580327174,
      0.0007430094365311167,
      0.006836910632221561,
      0.0032108623298384743,
      0.0,
      0.004802020405317865,
      0.012770689352431848,
      0.0,
      0.003175333448049857,
      0.0035454692656345364,
      0.0032988514205379792,
      0.002780831525444831,
      0.002762856592747781,
      0.004017634419867929,
      0.0026266131575663028,
      0.005931238473736513,
      0.0,
      0.0,
      0.008465889215573523,
      0.0,
      0.0,
      0.0036596338929252357,
      0.0003110685994443088,
      0.0,
      0.016299495115458085
    ],
    "low_data": false
  },
  "250000": {
    "median": 0.0019700664703236085,
    "p90": 0.013374284727175265,
    "p10": 0.0,
    "sample": [
      5.228058030668303e-05,
      2.401527699098134e-05,
      0.0,
      0.0,
      0.03395152927398478,
      0.02100929405824482,
      0.010226045022036369,
      0.018464944471397963,
      0.0032639518867545914,
      0.004144408562366264,
      0.00964033921207553,
      0.013754974508089003,
      0.003616398446929225,
      0.005174137351291286,
      0.0003381912528674798,
      0.0,
      0.005171971940408763,
      0.0012230979502755694,
      0.011817948116222483,
      0.0018808269326421312,
      0.011792775940369812,
      0.007156622463667148,
      0.0,
      0.0,
      0.007328479822826866,
      0.0017916590790120314,
      0.006672766206224618,
      0.009037916434392806,
      0.0,
      0.0,
      0.003105046911767806,
      0.0,
      0.0,
      0.0,
      0.0,
      0.0,
      0.002534441399857897,
      0.019274321270512127,
      0.0,
      0.0,
      0.0,
      0.018908238606383354,
      0.004642657912881103,
      0.0,
      0.0016771940521455534,
      0.0,
      0.019167238317590284,
      0.0005328423653582562,
      0.0022740735536608777,
      0.0,
      0.0,
      0.011491815996966843,
      8.316148736874058e-05,
      0.0,
      0.014879309409144633,
      0.0008492557090236431,
      0.005409494191557571,
      0.008495239488823577,
      0.0,
      0.003630186785120492,
      0.0,
      0.0032239740450488484,
      0.0,
      0.004125713841050238,
      0.0,
      0.0,
      0.004492866912801867,
      4.080010482860886e-05,
      0.0,
      0.0,
      0.0,
      0.004930278408445093,
      0.020477145925762823,
      0.006152859395457806,
      0.010663557878069801,
      0.0035235363120712207,
      0.0,
      0.0020593060080050856,
      0.00323612949233309,
      0.013951525160203482,
      0.0,
      0.0,
      0.0,
      0.0,
      0.018235294444792046,
      0.0006415181821240149,
      0.0,
      0.0,
      0.0,
      0.00972823252552021,
      0.0008054947649860992,
      0.007198026997851263,
      0.0009937475846684225,
      0.007202634455168977,
      0.0033632071481664674,
      0.0,
      0.004980833179784948,
      0.012993594946261526,
      0.0,
      0.0034186011336019275,
      0.0038209338450636192,
      0.0036459087981967034,
      0.0029319981176027655,
      0.002957196742544575,
      0.00418146584043065,
      0.0028438791397130364,
      0.005939232192541706,
      0.0,
      0.0,
      0.008589712044446215,
      0.0,
      0.0,
      0.003847745857248173,
      0.0006046711020840542,
      0.0,
      0.016525551678474682
    ],
    "low_data": false
  },
  "500000": {
    "median": 0.0023900214281795066,
    "p90": 0.013657876204224921,
    "p10": 0.0,
    "sample": [
      9.755901248564954e-05,
      4.481409146696076e-05,
      0.0,
      0.0,
      0.03407151340650771,
      0.021062081718379814,
      0.010446192763896233,
      0.018700105475697584,
      0.0035248313948338396,
      0.004393573115436798,
      0.00986298760118885,
      0.013978415994020159,
      0.0036970599885127304,
      0.005274091647540777,
      0.00043585169178469416,
      0.0,
      0.0053066436372769445,
      0.001382749926402771,
      0.011980317457689868,
      0.002063591596569984,
      0.011979124911663388,
      0.007426506464719908,
      0.0,
      0.0,
      0.007623708910585464,
      0.002074334679874894,
      0.007061683947618816,
      0.009227422286203163,
      0.0,
      0.0,
      0.003335095947587784,
      0.0,
      0.0,
      0.0,
      0.0,
      0.0,
      0.0027734549492285598,
      0.019403315784768768,
      0.0,
      0.0,
      0.0,
      0.01904721565318063,
      0.005035803214819989,
      0.0,
      0.0018863293375656768,
      0.0,
      0.019458349224149057,
      0.0009034594615181492,
      0.0024487954379359307,
      0.0,
      0.0,
      0.011755473669916593,
      0.0004478369308028351,
      0.0,
      0.015450631663163435,
      0.0013495280469065216,
      0.0058118443427885615,
      0.0086765388800029,
      0.0,
      0.003945626420171067,
      0.0,
      0.0036140724773300083,
      0.0,
      0.004399133842430097,
      0.0,
      0.0,
      0.004639396586287113,
      0.00021795298954564347,
      0.0,
      0.0,
      0.0,
      0.005208589209844296,
      0.02090354564794978,
      0.006484299673629194,
      0.010858140953174047,
      0.003817734302459491,
      0.0,
      0.002331247418423083,
      0.003687844170928092,
      0.014565062344729826,
      0.0,
      0.0,
      0.0,
      0.0,
      0.018855139506381804,
      0.003581748560422636,
      0.0,
      0.0,
      0.0,
      0.010112304851288355,
      0.0009899514163467383,
      0.007381141825211437,
      0.0013804094789963844,
      0.007766615114802283,
      0.0035981372395121757,
      0.0,
      0.005256579358095315,
      0.013337336414429683,
      0.0,
      0.0037937428694052614,
      0.004245726230640217,
      0.004181104037066107,
      0.0031651112729686646,
      0.0032568875994111526,
      0.004434109356767595,
      0.0031789237942818245,
      0.005951559261553352,
      0.0,
      0.0,
      0.008780658535551124,
      0.0,
      0.0,
      0.004137832264167914,
      0.0010574338774872907,
      0.0,
      0.016874152238583316
    ],