{
  "100000": {
    "median": 0.0014704136677945712,
    "p90": 0.0150086684313316,
    "p10": 0.0,
    "sample": [
      1.8446338906850974e-05,
      4.87010092956857e-05,
      0.007723424483855329,
      0.0,
      0.0073261977937511815,
      0.0,
      0.004846846362197144,
      0.0,
      0.0,
      0.0038056269709122697,
      0.005432752252381328,
      0.010067024237837839,
      0.014458651320218037,
      0.0,
      0.0,
      0.0027883030797567093,
      0.0,
      0.0,
      0.0,
      0.009546342664147781,
      0.0,
      0.005726930300507599,
      0.009083192179791045,
      0.0,
      0.0,
      0.010441888224009741,
      0.011536265960688585,
      0.0,
      0.0017818869668923566,
      0.0,
      0.009362011926205123,
      0.010419091245892503,
      0.004767121897494908,
      0.0,
      0.0,
      0.011900019120500599,
      0.0,
      0.010737702356020165,
      0.003829092097518888,
      0.015512544231682569,
      0.0,
      0.0,
      0.01807032236356027,
      0.0,
      0.012339672862661659,
      0.0,
      0.0,
      0.0,
      0.0,
      0.0,
      0.0,
      0.0,
      0.0,
      0.0,
      0.0,
      0.012034544385308854,
      0.013890502173697724,
      0.0,
      0.007157245855143858,
      0.0,
      0.0,
      0.0,
      0.0,
      0.017051259390032172,
      0.015375346505407318,
      0.0,
      0.007494614920383462,
      0.0,
      0.020586291944602732,
      0.0,
      0.027737152043482753,
      0.0,
      0.0,
      0.0,
      0.0,
      0.010390470940698079,
      0.0,
      0.001689025006263064,
      0.004879087772943362,
      0.0,
      0.0,
      0.0,
      0.0,
      0.02171734548847661,
      0.015571716652859014,
      0.006567227816214964,
      0.010617537043609479,
      0.0022021177339118913,
      0.0027480923008237875,
      0.0069070730014181205,
      0.0099540239180299,
      0.0026854255420457177,
      0.0039290643201412,
      0.0004192968690083208,
      0.0,
      0.004076207101868554,
      0.001049265225813733,
      0.008288619244270273,
      0.0014704136677945712,
      0.008348053546413388,
      0.005494109164674217,
      0.0,
      0.0,
      0.006472427981405523,
      0.0018548456912158,
      0.011051053787096319,
      0.016340190839483522,
      0.0,
      0.0,
      0.004101213702395515,
      0.0,
      0.0,
      0.0,
      0.0,
      0.0,
      0.0033678077032398236,
      0.026920219547349838,
      0.0,
      0.0,
      0.0,
      0.028045256024941772,
      0.006994403182116215,
      0.0,
      0.0026038106104214064,
      0.0,
      0.0198781430565203,
      0.00040917187247186705,
      0.0027110218009907387,
      0.0,
      0.0,
      0.016382174026007633,
      0.0,
      0.0,
      0.02084671633576255,
      0.0008774104446805402,
      0.008357699362661019,
      0.012768561024662424,
      0.0,
      0.005521480016129805,
      0.0,
      0.004780499010719883,
      0.0,
      0.0063668052112609294,
      0.0,
      0.0,
      0.007170204918508618,
      0.0,
      0.0,
      0.0,
      0.0,
      0.00813848638731722,
      0.036976147755132596,
      0.0108901296360073,
      0.01835446066544743,
      0.006500385444316612,
      0.0,
      0.0032678078662166073,
      0.004376241062948648,
      0.020217153783854122,
      0.0,
      0.0,
      0.0,
      0.0,
      0.03027327577190833,
      0.004031824301254965,
      0.0,
      0.00028070952501392196,
      0.0,
      0.013305010649168003,
      0.0016453153640911653,
      0.009192649781229679,
      0.001668765281029258,
      0.008963168251182818,
      0.004513105638041861,
      0.0,
      0.006788388768150338,
      0.01865426832995043,
      0.0,
      0.005864640831333879,
      0.006782857718645901,
      0.0062263823082510175,
      0.005260571642365129,
      0.005308630999734163,
      0.008235015757030324,
      0.005338844830736428,
      0.007950272260426378,
      0.0,
      0.0,
      0.011808343521493486,
      0.0,
      0.0,
      0.005263352921771568,
      0.0007223511057999808,
      0.0,
      0.026645436856291588
    ],
    "low_data": false
  },
  "250000": {
    "median": 0.002342700134089477,
    "p90": 0.015321778865419276,
    "p10": 0.0,