{
  "100000": {
    "median": 0.0012479239139332645,
    "p90": 0.01408227273402201,
    "p10": 0.0,
    "sample": [
      5.431920107079363e-05,
      6.167504918708187e-05,
      0.00520421598609177,
      0.0,
      0.010971910064928347,
      0.013863616552194463,
      0.00168939586845406,
      0.012104921892544874,
      0.002472181096469909,
      0.009754433112505262,
      0.009232988294585676,
      0.0,
      0.0,
      0.015486498411306728,
      0.006637004901937351,
      0.0024535054763826936,
      0.01408227273402201,
      0.0,
      0.014539453872192845,
      0.0,
      0.008170253143219397,
      0.0,
      0.00483758015134379,
      0.0,
      0.0,
      0.004520272731533511,
      0.006502965438599353,
      0.010061446971765144,
      0.015055648276715706,
      0.0,
      0.0,
      0.0019809724411628048,
      0.0,
      0.0,
      0.0,
      0.009540408319247384,
      0.0,
      0.008308109899752244,
      0.013916767096620071,
      0.0,
      0.0,
      0.01702935415896895,
      0.0208120712063129,
      0.0,
      0.0019344535187136255,
      0.0,
      0.01665864335880791,
      0.01965424799603582,
      0.007600151305975948,
      0.0,
      0.0,
      0.021520292699154103,
      0.0,
      0.013198610487909797,
      0.00462297327132934,
      0.02028737585869913,
      0.0,
      0.0,
      0.01717766884968644,
      0.0,
      0.01044562993377404,
      0.0,
      0.0,
      0.0,
      0.0,
      0.0,
      0.0,
      0.0,
      0.0,
      0.0,
      0.0,
      0.011642619474200247,
      0.013864597976226675,
      0.0,
      0.006602623674483856,
      0.0,
      0.0,
      0.0,
      0.0,
      0.01764340274479142,
      0.01635719221812848,
      0.0,
      0.007067690019579659,
      0.0,
      0.01971933880446517,
      0.0,
      0.02430950706697491,
      0.0,
      0.0,
      0.0,
      0.0,
      0.007652483690080616,
      0.0,
      0.0010029252174731337,
      0.004468379885790806,
      0.0,
      0.0,
      0.0,
      0.0,
      0.015661467915343435,
      0.011363356280287878,
      0.004625278075582314,
      0.008761394019127821,
      0.001980125940017302,
      0.0022745948179998445,
      0.005658857180062053,
      0.0071416270255546775,
      0.0022645666589150917,
      0.0031755912085650786,
      0.0002684528317774762,
      0.0,
      0.003053530522536551,
      0.0009203303928001418,
      0.007049332093638246,
      0.0012479239139332645,
      0.008264873056803785,
      0.006518206637317444,
      0.0,
      0.0,
      0.008417003407316057,
      0.0019173203545768528,
      0.00836577290937732,
      0.01247228861963828,
      0.0,
      0.0,
      0.00328660860923579,
      0.0,
      0.0,
      0.0,
      0.0,
      0.0,
      0.00263574388630342,
      0.021876997767764677,
      0.0,
      0.0,
      0.0,
      0.014663573070017102,
      0.0034460292025312103,
      0.0,
      0.0015875101969195842,
      0.0,
      0.01760483877656455,
      0.00047293155567275586,
      0.0021735323618242335,
      0.0,
      0.0,
      0.012065082544393932,
      0.0,
      0.0,
      0.016957789033884653,
      0.000669336883900138,
      0.006611649996346583,
      0.009675146435674837,
      0.0,
      0.0038923363059445125,
      0.0,
      0.0035806828082513378,
      0.0,
      0.003903484483457931,
      0.0,
      0.0,
      0.004149166534320544,
      8.808309229898481e-05,
      0.0,
      0.0,
      0.0,
      0.0048772148074327885,
      0.021191873348190705,
      0.005889056170299951,
      0.009589385805726594,
      0.003371482453381258,
      0.0,
      0.0020064493421618665,
      0.0027904525165697996,
      0.011562069007271763,
      0.0,
      0.0,
      0.0,
      0.0,
      0.018450109954570266,
      0.0,
      0.0,
      0.0,
      0.0,
      0.010928103022453393,
      0.0009236531565181695,
      0.006869955318606315,
      0.0006887773957492472,
      0.006196951415983546,
      0.003487959981229583,
      0.0,
      0.0048222318433731644,
      0.013767345964582694,
      0.0,
      0.0038582151771122462,
      0.0040861929039963515,
      0.0030066714581660366,
      0.002806380609055411,
      0.00282432018651961,
      0.0035663525425467116,
      0.002361278170288536,
      0.003350935572277367,
      0.0,
      0.0,
      0.00446950150585634,
      0.0,
      0.0,
      0.0025937468009036126,
      0.0009915999232696178,
      0.0,
      0.0080454195176237
    ],
    "low_data": false
  },
  "250000": {
    "median": 0.001783187662970999,
    "p90": 0.014216861651487146,
    "p10": 0.0,