{
  "100000": {
    "median": 0.002400630297918531,
    "p90": 0.01744525437663496,
    "p10": 0.0,
    "sample": [
      8.439487318966808e-05,
      0.01655788373133447,
      0.0002454013673785625,
      0.0,
      0.004110072232225645,
      0.006103128403289294,
      0.0,
      0.010200855676764254,
      0.012810442801063951,
      0.0017106742475783941,
      0.010965672412636913,
      0.002742928056933632,
      0.008890447345000222,
      0.007674169062132493,
      0.0,
      0.0,
      0.012848038198138921,
      0.006346245599939546,
      0.002831045294154085,
      0.01449419105464661,
      0.0,
      0.014346765912817173,
      0.0,
      0.00803407515217454,
      0.0,
      0.005603923984167673,
      0.0,
      0.00014411561903426514,
      0.006456517732846531,
      0.009341405305369635,
      0.014840693528198402,
      0.02071106181773304,
      0.0,
      0.0,
      0.0036965487166441477,
      0.0,
      0.0,
      0.0,
      0.014934387933573982,
      0.0,
      0.011041264406969991,
      0.01632960461907041,
      0.0,
      0.0,
      0.01774571585731873,
      0.022725791916562495,
      0.0,
      0.0025028942560072313,
      0.0,
      0.020192846094537243,
      0.029111827759976342,
      0.011786645392271504,
      0.0,
      0.0,
      0.03354967970318061,
      0.0,
      0.02271466499613721,
      0.008492912076848953,
      0.030930754384228532,
      0.0,
      0.0,
      0.03152028635597649,
      0.0,
      0.019852448287217248,
      0.0,
      0.0,
      0.0,
      0.0,
      0.0,
      0.0,
      0.0,
      0.0,
      0.0,
      0.0,
      0.009934903641879381,
      0.011830054748784282,
      0.0,
      0.005395986543134042,
      0.0,
      0.0,
      0.0,
      0.0,
      0.01361394084124219,
      0.012660838217608954,
      0.0,
      0.006126525794409701,
      0.0,
      0.01773800473399705,
      0.0,
      0.022618901051663868,
      0.0,
      0.0,
      0.0,
      0.0,
      0.009762508403281979,
      0.0,
      0.0013209154873864103,
      0.00623255979204672,
      0.0,
      0.0,
      0.0,
      0.0,
      0.03322791123912582,
      0.023848775044747913,
      0.013130699729299214,
      0.025599371741743458,
      0.004708101769430723,
      0.006471281428722218,
      0.015990392987776308,
      0.023234486128793905,
      0.006305041178095669,
      0.008485961795077372,
      0.001047532033932709,
      0.0,
      0.009366977895893554,
      0.002775070671544066,
      0.017152504019272874,
      0.0026880211969875583,
      0.01705052003347211,
      0.012150769569921397,
      0.0,
      0.0,
      0.012692611413622197,
      0.0029443480201928277,
      0.007822490753756345,
      0.011260413338340564,
      0.0,
      0.0,
      0.0025740484514272513,
      0.0,
      0.0,
      0.0,
      0.0,
      0.0,
      0.002669330872420341,
      0.019731703411228617,
      0.0,
      0.0,
      0.0,
      0.01986676111116564,
      0.006336625320835152,
      0.0014423263140937875,
      0.0026314448930206285,
      0.0,
      0.018686778787067326,
      0.0005135523561500242,
      0.002325583869810464,
      0.0,
      0.0,
      0.009563174124710335,
      0.0003983100524148827,
      0.0,
      0.010569296315607764,
      0.0011336080522757607,
      0.005600218814636795,
      0.007684455439362893,
      4.394771460290996e-05,
      0.0039415100777307355,
      0.0006264607680507448,
      0.004212737385773988,
      0.0,
      0.00331730374861171,
      0.0,
      0.0,
      0.004870130726554877,
      0.0011364712993194484,
      0.0,
      0.0,
      0.0,
      0.004168535404168639,
      0.018788082690968395,
      0.006593713878639039,
      0.010748059848178679,
      0.00371439671446795,
      0.0,
      0.0024756767260265982,
      0.0032812286775092342,
      0.013142448059581405,
      0.0,
      0.0,
      0.0,
      0.0,
      0.018369220001337637,
      0.0,
      0.0,
      0.000294774038611764,
      0.0,
      0.010688695404348957,
      0.0015979766332478332,
      0.006911945995444564,
      0.0012005543405449576,
      0.006071001332049181,
      0.003922460847314011,
      0.009147773499162392,
      0.0,
      0.005007969789509547,
      0.013306521002599624,
      0.0,
      0.004500515138794422,
      0.0,
      0.004166377727674652,
      0.003930482346240114,
      0.004014041975606148,
      0.004552334427685609,
      0.006553273637267878,
      0.003927406681993083,
      0.00653503983414429,
      0.0,
      0.0,
      0.00906532165178004,
      0.0,
      0.0,
      0.005139288310608377,
      0.0008534667073236187,
      0.0,
      0.022358073249093287
    ],
    "low_data": false
  },
  "250000": {
    "median": 0.0031590282229587608,
    "p90": 0.018344872442349974,
    "p10": 0.0,