{
  "100000": {
    "median": 0.002562572972629773,
    "p90": 0.014226506934602048,
    "p10": 0.0,
    "sample": [
      4.121787481795367e-05,
      0.00017556766738505226,
      0.0006629159455911281,
      0.0001729990994331025,
      0.0045853092108976475,
      0.0,
      0.0,
      0.0,
      0.0,
      0.005049105252088714,
      0.0,
      0.0014439129468301157,
      0.004612066055212133,
      0.0,
      0.0,
      0.0,
      0.0,
      0.017736593385485805,
      0.013711743451350783,
      0.0075901158983771614,
      0.01182597925162103,
      0.0031357230537938804,
      0.004122862056431261,
      0.007510691744112029,
      0.014605043491778831,
      0.004300014043766415,
      0.004851295750223669,
      0.0008424838388871544,
      0.0,
      0.005399471153945845,
      0.0018626210292440222,
      0.010545560684657158,
      0.001702335588431965,
      0.009894211983109292,
      0.006719253775400617,
      0.0,
      0.0,
      0.008086245757848822,
      0.002562572972629773,
      0.009025049125485863,
      0.01464556125602444,
      0.0,
      0.0,
      0.0058072179480449845,
      0.0,
      0.0,
      0.0,
      0.0,
      0.0,
      0.0035265183821789007,
      0.023910416394902205,
      0.0,
      0.0,
      0.0,
      0.020930597124521607,
      0.005782570889587619,
      0.0008223681071768293,
      0.002899459732760324,
      0.0,
      0.017728172395413577,
      0.002916448252524031,
      0.002513277896945351,
      0.0,
      0.0,
      0.013091356578207649,
      0.0036778428950121735,
      0.0,
      0.018572158248386386,
      0.004435955654623379,
      0.009852222746719848,
      0.010334768535402552,
      0.0010709592143167796,
      0.004681458995886858,
      0.0,
      0.0035700470876200282,
      0.0,
      0.005931782016010027,
      0.0003598478551779952,
      0.0,
      0.0058561194905918,
      0.0013012786371809858,
      0.0,
      0.0,
      0.0,
      0.006345254827725336,
      0.027644723735911977,
      0.008342629187736999,
      0.014131872795307851,
      0.005779355931645324,
      0.0,
      0.0026208129675686876,
      0.0035695436833368087,
      0.015990036643332865,
      0.0,
      0.0,
      0.0,
      0.0,
      0.025632073194076503,
      0.0009332821597211865,
      0.0,
      0.0,
      0.0,
      0.016202806326233124,
      0.0013054477285083046,
      0.010525892023087074,
      0.0015671990665573773,
      0.010484362467853569,
      0.005417830808176503,
      0.0,
      0.00884758772759118,
      0.02315011703346598,
      0.0,
      0.005488420755617212,
      0.007332039417032554,
      0.005756153723351535,
      0.004813485870726585,
      0.005104568273407952,
      0.007729552281166041,
      0.0047274414749164835,
      0.0066666230005888675,
      0.0,
      0.0,
      0.012011087993139373,
      0.0,
      0.0,
      0.007224622437835648,
      0.0019600073742348408,
      0.0,
      0.020917353244695916
    ],
    "low_data": false
  },
  "250000": {
    "median": 0.004352686997651091,
    "p90": 0.016202693495941646,
    "p10": 0.0,
    "sample": [
      9.402245867048686e-05,
      0.00040048895833403366,
      0.0010778475574302988,
      0.001017725115001589,
      0.0053880957841869635,
      0.0,
      0.0,
      0.0,
      0.0,
      0.006245577613482045,
      0.0,
      0.0026319252886385673,
      0.006546436154131441,
      0.0,
      0.0,
      0.002106789127315994,
      0.0,
      0.01953921925668286,
      0.01676435122090319,
      0.009708464196854154,
      0.012446775361523306,
      0.004647539897343355,
      0.005979754293142337,
      0.0085983096725333,
      0.020478893803121005,
      0.006517487964126179,
      0.00519136587999337,
      0.001660057421323529,
      0.0,
      0.00635245582773754,
      0.0031174204379982896,
      0.011524398110504566,
      0.002043100301676604,
      0.01030031063315871,
      0.0071916249717071026,
      0.0,
      0.0,
      0.008304995853986691,
      0.0034403141892827087,
      0.009986747701963098,
      0.016175800409188063,
      0.0,
      0.0,
      0.008860136255149935,
      0.0,
      0.0,
      0.0004523331173501839,
      0.0,
      0.0,
      0.005014195176699811,
      0.02705485579750042,
      0.0,
      0.0,
      0.0,
      0.022821674604305692,
      0.007632024780690616,
      0.002988421831875077,
      0.004928012349224016,
      0.0,
      0.020390400555142046,
      0.006555245344949963,
      0.003702509116076616,
      0.0,
      0.0,
      0.014545226557812568,
      0.008803835019469249,
      0.0024270954331464204,
      0.023845916074080584,
      0.009786358335830457,
      0.016018043186629187,
      0.011867566187599246,
      0.004314030799165829,
      0.005991856287472571,
      0.0,
      0.004205277920623738,
      0.0,
      0.007221829470129721,
      0.002920400498313515,
      0.0,
      0.00653107271473401,
      0.0032117991241070207,
      0.0,
      0.0012439149072721797,
      0.0,
      0.007785204726545577,
      0.028882628540838878,
      0.0091330527017908,
      0.015811749332908367,
      0.008044743997419515,
      0.0,
      0.003320043943748548,
      0.0040452563404275825,
      0.016310265842955973,
      0.0,
      0.0,
      0.0,
      0.0,
      0.02731102419466113,
      0.007166109787827113,
      0.0,
      0.000747642937533508,
      0.0,
      0.018388702444526322,
      0.0018390830999366263,
      0.011120521235504345,
      0.002666819982023611,
      0.013021719942881173,
      0.006540038457903822,
      0.0,
      0.010083462556806524,
      0.0249315995361393,
      0.0,
      0.006215431543656147,
      0.011333435713765681,
      0.00773099534119475,
      0.006262144707375053,
      0.007070135514012543,
      0.010798587744189039,
      0.006235430853385903,
      0.006910030442072408,
      0.0,
      0.0,
      0.015577037312544947,
      0.0014834286713361006,
      0.005201811138742859,
      0.011504318928811449,
      0.004352686997651091,
      0.00519367972580888,
      0.02647800118357973
    ],
    "low_data": false
  },
  "500000": {
    "median": 0.006978904186927445,
    "p90": 0.021485468881066044,
    "p10": 0.0,